built_work_site_foreign_key,site_data,building_name_pinyin_uncorrected,building_name_pinyin,building_name2_traditional,building_name3_simplified,work_building_identifier,work_building_identifier-nopad,building_name_in_site,building_in_site2_traditional,building_in_site3_simplified,group_batch,number_in_group,number_in_architecture_category_3,building_data,site_name_en,building_name_en,alternate_site_name_pinyin,alternate_site_name_traditional,alternate_site_name_simplified,alternate_building_name_pinyin,building_date,building_start,building_end,decimal_latitude,decimal_longitude,verbatim_latitude,verbatim_longitude,comments_and_field_notes,most_recent_doc,notes,ct_angled_bracket_arm,corner_angled_bracket_arm,ic_angled_bracket_arm,ic_match_ct,number_of_ic_in_central_bay,pubaifang,first_step_touxin,first_step_jixin,cejiao,pizhu_xiaang,qinmian_xiaang,pizhu-qinmian_xiaang,number_of_xiaang,ang-shaped_shuatou,beveled_linggong,chamfered_linggong,front_facade_bays
1," 安禅寺 山西省, 普中市，太谷县
Ānchánsì  ZGWWDTJ, Shanxi vol. 3 (xia), p. 762    57 – C 1 (On Anchansi street in Taigu County Seat• Song, Ming dynasties •Provincial Cultural Heritage Site) Date of initial founding unknown. According to an inscription, the complex was rebuilt in the Song dynasty, with repairs made in the Yuan and Ming dynasties as well as in the third year of the Qing Guangxu reign period (1877). The complex occupies 200 square meters. Buildings are oriented to the south, the monastic cloister has been destroyed, all that remains are two axial buildings, the Sutra Repository (Cángjīngdiàn (藏经殿)) and the Main Hall (Zhèngdiàn (正殿)). Of the remaining buildings, the Sutra Repository is a artifact of the Song dynasty; the Main Hall is a Ming dynasty building.  The front façade of the Main Hall is 3 bays in width with a depth of 6 rafters, and has a single eaves, overhanging gable roof, 7 purlin-no gallery style design, 3-step, single ang bracket sets (sancai danang 三踩单昂), with one intercolumnar bracket set in each bay. Translated by Lydia Ohl; modified TM 7/28/10; 9/19/11; Edited by Cole Garrett 9/9/11; ",Cangjingdian,Cangjingdian,藏經殿,藏经殿,124,124,Anchansi_Cangjingdian,安禪寺藏经殿,安禅寺藏经殿,6,360,63,"Ānchánsì  ZZWWDTJ, Shanxi vol. 3 (xia), p. 762    57 – C 1-1 Sutra Repository (Cángjīngdiàn/藏经殿 (Song Dynasty)) Brick podium, front façade of 3 bays, depth of 3 bays, single eaves hip/gable roof, yellow and green glazed tiles with a square center, wide central bay and narrow side bays, central bay is only one half the width of the side bay. Under eave bracket sets are 4 pūzuò with a single huágŏng, a locust head shuătóu, 1 intercolumnar bracket set in every bay, and visible column-top entasis.  Original renovation no longer exists. Translated by Lydia Ohl; modified TM 7/28/10; 9/19/11; Edited by Cole Garrett 9/9/11",,Sutra Hall,,,,Cangjingdian,960-1125,960,1125,37.42453333,112.5473333,37˚ 25.472 (Garmin),112˚ 32.840,"sutra repository Song, compare to Jidumiao qingong",2010,ZGWWDTJ  山西 p. 762    57 – C 1  -other parts of the monastary have been destroyed,0,0,0,0,1,1,0,1,1,0,0,0,0,0,0,1,3
2,"白台寺 金至清 山西省，运城市， 新绛县
Băitáisì ZGWWDTJ, vol. 3 (xia), p.1099    126 – C 1, 

(About 200 meters southwest of Gujiao village in Guangma town•Jin and Yuan Dynasties•Provincial Cultural Heritage Site) (untranslated CG)                                                              Also called Pŭhuàsì (普化寺). Called Băitáisì (white seat temple) because legend holds Buddha’s lotus throne to be white. According to stele inscription,had many restorations in the fourtheenth year of Tang Kaiyuan (726)、and between the Jin Dading and Mingchang years, further restored in the first year of Zhizheng  (1355) and the sixth year of Ming Zhengde (1511). Increase in construction in Qing Dynasty. Occupancy area of 4,482 square meters. Facing south, 2 entrance courtyard design, axial buildings include a sāndīfăcánggé (三滴法藏阁)， shìjiādiàn (释迦殿)， and a hòudàdiàn (后大殿)， on either side there is an east shānmén (山门） and a west wing. Within complex interior is preserved a Tang dynasty pagoda, a Song dynasty  jīngchuáng(经幢) stone pillar with Buddhist inscriptions, a Song cloud board from the third year of Xuanhe (1121) , and 18 colored/painted walls. Translated by Lydia Ohl; 
edited by Cole Garrett",Shijiadian,Shijiadian,釋迦殿,释迦殿,125,125,Baitaisi_Shijiadian,白台寺释迦殿,白台寺释迦殿,6,372,75,"白台寺 金至清 山西省，运城市， 新绛县
Băitáisì ZZWWDTJ, vol. 3 (xia), p.1099    126 – C 1-2 Shìjiādiàn (释迦殿)     Jin Dynasty

Rebuilt in Jin Mingchang years (1190-1194). Stone podium, according to topography and building, front is 0.75 meters tall, back is 0.3 meters tall, front façade of 3 bays, depth of 6 rafters, single eave hip gable roof , main roof ridge、vertical ridge、berm ridge and temple ridge are made of carved brick. Under eave column top bracket set have 4 pūzuò(铺作) and a single xia ang, be careful of inter columnar bracket sets. Internal beam composition of 4 rafters that connect to back with 3 columns, overturned basin shaped column base. Be careful of central bay door, other bays have lattice windows. Hall interior Buddhist altar presents 12 portraits of Buddha, Sakyamuni Buddha in the center, both sides have an Ananda (阿难)、Mahākāśyapa（迦叶）、bodhisattva (菩萨),  under two gables there are 6 arahats, horizontal back wall has a portrait of Weituo (韦陀)，later generations have already changed the shape, their original characteristics have been lost. Translated by Lydia Ohl; revised by Cole Garrett", , ,,,,Shijiadian,1190-1196,1190,1196,35.66366667,111.0694,35˚ 39.820' (garmin),111˚ 4.164',"Shijiadian from Jin Mingchang period (1190-1196) see: 中國 文物 地圖集山西分冊, 下, 1099 ",*2010,"Axis: c, roof style: h/g, front façade: 31' 3"",3 bays, side: 31' 4"" 3 bays",0,0,0,0,1,1,0,1,1,0,1,0,1,0,0,1,
2,,Sandifacangdian,Sandifacangdian,三滴法藏閣,三滴法藏阁,126,126,Baitaisi_Sandifacangdian,白台寺三滴法藏閣,白台寺三滴法藏阁,,,,"白台寺 金至清 山西省，运城市， 新绛县
Băitáisì ZGWWDTJ, vol. 3 (xia), p.1099    126 – C 1-1 Sāndīfăcánggé (三滴法藏阁)      Yuan Dynasty

Established in the Jin dynasty, restoration done in the Yuan dynasty. Building built by tŭyá (土崖), stone podium, 6.5 meters tall, centre opens into a rectangular passageway. Building has 2 floors, a front façade of 3 bays, depth of 6 rafters, triple eave overhanging gable roof, main ridge has open carved brickwork as a ridge decoration. Beam composition of 4 rafters that connect to the front with 3 columns, first floor has a balcony (píngzuò/平座), upper eave has a ring bracket sets all the way around, 5 pūzuò(铺作) single xia ang, 1 set of inter columnar bracket sets in every bay. Second story balcony has 4 shrines with Yaowang (药王) 、attendants， images in the East erdian of Dizang and Yanjun, both are severely damaged.", , ,,,,Sandi facangdian,1279-1368,1279,1368,35.66345,111.0694,35° 39.807' (±17ft),111° 4.164',,2010,"Axis: c, roof style: o-g, front façade: 36' 5""",,,,,,,,,,,,,,,,,
2,,Houdadian,houdadian,后大殿,后大殿,127,127,Baitaisi_Houdadian,白台寺后大殿,白台寺后大殿,,,,"白台寺 金至清 山西省，运城市， 新绛县
Băitáisì ZGWWDTJ, vol. 3 (xia), p.1099    126 – C 1-3 Hòudàdiàn (后大殿)    Yuan Dynasty
Built in the eleventh year of Yuan Zhiyuan(1274), stone podium 0.33 meters tall, front façade of 5 bays, depth of  6 rafters, single eave overhanging gable,  carved brick roof ridge. Interior beam composition of 4 rafters that connect to the back with 3 columns, under eave bracket sets have 5 pūzuò （铺作） and a double xia ang, there are no inter columnar bracket sets. Be careful of front eave door, other two bays have lattice windows that later generations have improved，overturned basin style column base. Hall interior has a Buddhist altar, with a statue of Sakyamuni  Buddha sitting in an elevated lotus flower shaped throne, there are Bodhisattva on either side to serve, portraits follow the Tang style. The front of the dàdiàn has a spacious platform, central part of the platform has a Tang dynasty pagoda with statues and streamers. Song dynasty people carved Buddhist inscriptions into each of the four corners pillars. 1 Song dynasty iron cloud stele. Translated by Lydia Ohl; revised by Cole Garrett.", , ,,,,Houdadian,1279-1368,1279,1368,35.663933,111.06937,35° 39.836' (±17ft),111° 4.162' (±17ft),,2010,"Axis: c, roof style: o-g, front façade: 60', side: 25' 9""",,,,,,,,,,,,,,,,,
3,,zhengdian,zhengdian,正殿,正殿,128,128,Baiyugong_zhengdian,白玉宫正殿,白玉宫正殿,6,386,89,"白玉宫 山西省， 陵川县，晋城市
 Báiyùgōng      ZGWWDTJ, Shanxi vol 2 (zhong), 513          23－C 10-1 Zhèngdiàn（正殿）  (Jin)
stone podium, 0.8 meters tall, front facade of 3 bays depth of 4 rafters single eave hip/gable roof. interior beam composition of 3 rafters connecting to front eave with 3 columns, 4 puzuo column top bracket sets and a single xia ang, 1 inter-columnar bracket set in every bay, original door no longer exists.
Translated by Lydia Ohl; edited by Cole Garrett", ,Main Hall,,,,Zhengdian ,1212,1212,1212,35.65815,113.2410667,35˚ 39.489',113˚ 14.464',"Main Hall from 1212 see: 中國 文物 地圖集, 中, 513 23 - C 10",2010,"Axis: c, roof style: h/g, front façade: 26' 10"", side: 24' 4""",0,0,0,1,1,1,0,1,1,0,1,0,1,1,1,0,3
3,,Shanmen,Shanmen, 山門,山门,129,129,Baiyugong_Shanmen,白玉宫山門,白玉宫山門,,,,, ,Mountain Gate,,,,Shanmen,,,,35.657467,113.2413167,35° 39.448' (±18ft),113° 14.479' (±18ft),,,"Axis: c, roof style: h/g",,,,,,,,,,,,,,,,,
3,,Sanxiandian,Sanxiandian,三仙殿,三仙殿,130,130,Baiyugong_Sanxiandian,白玉宫三仙殿,白玉宫三仙殿,,,,, ,,,,,Sanxiandian,,,,,,,,,,"Axis: c, roof style: o-g, front façade: 28' 1"", side: 25' 11""",,,,,,,,,,,,,,,,,
3,,houdian,houdian,後殿,后殿,131,131,Baiyugong_houdian,白玉宫后殿,白玉宫后殿,,,,, ,,,,,Houdian,,,,35.65833,113.240967,35° 39.500' (±23ft),113° 14.458' (±23ft),,,"Axis: c, roof style: o-g, front façade: 30' 7""",0,0,1,0,1,1,0,1,1,0,0,1,2,0 (animal heads),1,0,
4,,Daxiongbaodian,Daxiongbaodian,大雄寶殿,大雄宝殿,132,132,Baoguosi_Daxiongbaodian,保国寺大雄宝殿,保国寺大雄宝殿,1,90,43,, ,Mahavira Treasure Hall,,,,Daxiongbaodian,1013,1013,1013,29.983,121.516833,29˚ 58.98' N  (Magellan),"121˚ 31.01' E (Magellan) 121˚ 30' 57.99"" E (google earth)","early 11th cen. Example of style in YZFS; Dated to 1013 in later inscription on stauary platform; Notes: 
look for 1102 date on 佛座上, Founded E. Han, destroyed 845, rebuilt in 880 and named Baoguosi; 1065 called 精进寺, 净土池 excavated in Southern Song. 3/4/1961 under protection. Some difference between Magellan and google earth Lat/Lon readings: 29˚ 58.98' N  (Magellan) / 29˚ 58' 57.10"" N (google earth 9/2009)and 121˚ 31.01' E (Magellan) / 121˚ 30' 57.99"" E (google earth)-compare to satellite photo",1999,,0,0,0,1,2,0,1,0,1,0,1,0,2,0,0,1,
5,,Tianwangdian,Tianwangdian,天王殿,天王殿,133,133,Beijixiangsi_Tianwangdian,北吉祥寺天王殿,北吉祥寺天王殿,4,101,23,, ,Front Hall,,,,Tianwangdian,960-1125,960,1125,35.79754167,113.1118472,"35˚ 47' 50.68"" N (google earth-Cui Jinze and fuzzy sat.)","113˚ 06' 42.50"" E",could these xiaang have been recarved?,1998,,0,0,0,0,0,1,0,1,1,0,1,0,1,1,1,0,
5,,zhongdian,zhongdian,中殿,中殿,134,134,Beijixiangsi_zhongdian,北吉祥寺中殿,北吉祥寺中殿,4,101,23,, ,Middle Hall,,,,Zhongdian ,960-1125,960,1125,35.79782778,113.1118667,"35˚ 47' 51.88"" N (google earth-Cui Jinze and fuzzy sat.)","113˚ 06' 42.67"" E",nidaogong chamfered--did not include,,,0,0,0,0,0,1,0,1,1,0,1,0,2,0,1,0,
6,,zhengdian,zhengdian,正殿,正殿,135,135,Beiyicheng_Yuhuangmiao_zhengdian,北義城玉皇廟正殿,北义城玉皇庙正殿,6,363,66,, ,Main Hall,,,,Yuhuangmiao,1110,1110,1110,38.488,112.948133,35˚ 38.488 N (Garmin),112˚ 56.888 E,,2009,,,,,,,,,,,,,,,,,,
7,,Qiandian,qiandian,前殿,前殿,136,136,Bucun_Yuhuangmiao_Qiandian,布村玉皇庙前殿,布村玉皇庙前殿,,,,,,Yuhuangmiao Front Hall,,,,Qiandian,907-960,907,960,36.0078,112.9334667,36˚ 00.468' (Garmin),112˚ 56.008',Five Dynasties?,2010,,0,0,0,0,0,0,1,0,?,0,0,0,0,1,1,0,
7,,Houdian,houdian,后殿,后殿,137,137,Bucun_Yuhuangmiao_Houdian,布村玉皇庙后殿,布村玉皇庙后殿,,,,,,Yuhuangmiao Back Hall,,,,Houdian,1125-1234,1125,1234,36.00795,112.9334667,36˚ 00.468' (Garmin),112˚ 56.008,Jin？,2010,,0,0,0,0,0,1,0,1,?,,,,1,1?,0,1,
8,,dadian,dadian,大殿,大殿,138,138,Buersi_dadian,不二寺大殿,不二寺大殿,6,397,100,, ,Main Hall: Moved from original location,,,,Buersi,,,,38.0510217,112.6602917,"38˚ 03' 06.13"" N (google earth-satellite confirm)","112˚ 39' 37.05"" E",,1998,,0,0,0,1,1,1,0,1,1,0,1,0,1,0,0,1,
9,,houdian,houdian,後殿,后殿,139,139,Changzhi_Zhengjuesi_houdian,長治正覺寺後殿,长治正觉寺后殿,5,228,34,, ,,,,,Zhengjuesi,960-1125,960,1125,,,,,,1997,,0,0,0,0,0,1,0,1,?,0,1,0,1,1,0,1,
10,,Shanmen,Shanmen,山門,山門,140,140,Chengtangmiao_Shanmen,成汤庙山门,成汤庙山门,6,327,30,, ,,,,,Shanmen,,,,,,,,http://www.gutrip.com/html/yuyin/hebei/handan/2009/0313/3901.html,*,,,,,,,,,,,,,,,,,,
11,,Mituodian,Mituodian,彌陀殿,弥陀殿,141,141,Chongfusi_Mituodian,崇福寺彌陀殿,崇福寺弥陀殿,3,117,65,, ,Amitabha Hall (Mituo Hall),,,,Mituodian,1143,1143,1143,39.31522222,112.432347,"39˚ 18' 54.80"" N (google earth-fuzzy satellite)","112˚ 25' 56.45"" E",celebration of angled bracket arm variety; angled bracket arm in back central bay,1998,,1,1,0,1,1,1,0,1,1,0,0,1,2,1,1,0,
11,,Guanyindian,Guanyindian,觀音殿,观音殿,142,142,Chongfusi_Guanyindian,崇福寺观音殿,崇福寺觀音殿,3,117,65,, ,Avalokitêśvara Hall (Guanyin Hall),,,,Guanyindian,1143,1143,1143,39.31522222,112.432347,"39˚ 18' 54.80"" N (google earth-fuzzy satellite)","112˚ 25' 56.45"" E",celebration of angled bracket arm variety,1998,GIS for site only,0,0,0,0,2,1,0,1,1,0,0,1,1,1,0,1,
12,,Zhengdian,zhendian,正殿,正殿,143,143,Chongjiaosi_Zhengdian,崇教寺正殿,崇教寺正殿,,,,,,Main Hall Song?,,,,Zhengdian,978-1125,978,1125,36.34316667,113.11315,36˚ 20.590',113˚ 06.789',"bracketing looks Jin,Main Hall interior depth: 27' 3"", interior height: 22' 8""",2010,,1,0,0,0,0,1,0,1,？,0,1,0,2,1,1,0,3
12,,Dafodian,Dafodian,大佛殿,大佛殿,144,144,Chongjiaosi_Dafodian,崇教寺大佛殿,崇教寺大佛殿,,,,,,Great Buddha Hall,,,,Dafodian,978,978,978,36.34316667,113.11315,N 36° 20.590' (±23ft),E 113° 6.789' (±23ft),,,"Axis: c, roof style: flush gable, front façade: 36' 1"", 3 bays",,,,,,,,,,,,,,,,,
12,,Ciediewenjie,Ciediewenjie,賜額牒文碣,赐额牒文碣,145,145,Chongjiaosi_Ciediewenjie,崇教寺赐额牒文碣,崇教寺赐额牒文碣,,,,,,Ciediewen_Plaque,,,,Ciediewenjie ,984,984,984,,,,,,,,,,,,,,,,,,,,,,,,
12,,Shanmen,Shanmen,山門,山门,146,146,Chongjiaosi_Shanmen,崇教寺山門,崇教寺山門,,,,,,,,,,Shanmen, ,,,36.3429,113.1132,N 36° 20.574' (±15ft),E 113° 6.792' (±15ft),,,"Axis: c, front façade: 32' 3"", side: 16' (rough measurements)",0,0,0,1,1,1,0,1,1,0,1,0,2,0,1,0,
12,,Zuoerdian,zuoerdian,西耳殿,西耳殿,147,147,Chongjiaosi_Zuoerdian,崇教寺左耳殿,崇教寺左耳殿,,,,,,West Ear Hall,,,,Zuoerdian, ,1644,1912,,,,,glazed roof tiles on ear halls,,"front façade: 20' 4""",,,,,,,,,,,,,,,,,
12,,Youerdian,youerdian,東耳殿,東耳殿,148,148,Chongjiaosi_Youerdian,崇教寺右耳殿,崇教寺右耳殿,,,,,,East Ear Hall,,,,Youerdian, ,1644,1912,,,,,glazed roof tiles on ear halls,,,,,,,,,,,,,,,,,,,
13,,Zhongdian,zhongdian,中殿,中殿,149,149,Chongmingsi_Zhongdian,崇明寺中殿,崇明寺中殿,5,268,74,, ,Middle Hall 10th century,,,,Zhongdian ,,,,35.71439722,113.0084611,"35˚ 42' 51.83"" N (google earth-satellite confirm)","113' 00' 30.46"" E",,1998,,0,0,0,0,1,0,1,0,?,1,0,0,2,0,0,1,
14,,Qianfodian,Qianfodian,千佛殿,千佛殿,150,150,Chongqingsi_Qianfodian,崇庆寺千佛殿,崇庆寺千佛殿,4,98,20,, ,l000 Buddhas Hall,,,,Qianfodian,1016,1016,1016,35.98058333,112.9598,35˚58'.835 N (Garmin),"112˚ 57.588"" E ",,"1998, 2010","Axis: c, roof style: h/g, front façade: 40' 11"", side: 40' 4""",0,0,0,0,0,1,1,0,1,0,0,1,1,0,1,0,3
14,,Sandashidian,Sandashidian,三大士殿,三大士殿,151,151,Chongqingsi_Sandashidian,崇庆寺三大士殿,崇庆寺三大士殿,,,,, ,Sandashi Hall,,,,Sandashidian,1079,1079,1079,35.98063333,112.9596333,N 35° 58.838' (±23ft),E 112° 57.578' (±23ft),,,"Axis: c, roof style: o-g, front façade: 31' 3"", side: 25' 6""",0,0,0,0,0,?,?,?,1,0,1,0,1,0,1,0,3
14,,Shidiyanjundian,Shidiyanjundian,十帝閻君殿,十帝阎君殿,152,152,Chongqingsi_Shidiyanjundian,崇庆寺十帝阎君殿,崇庆寺十帝阎君殿,,,,, ,Ten Kings of Hell Hall,,,,Shidiyanjundian,,,,,,,,,,,,,,,,,,,,,,,,,,,
15,,zhengdian,zhengdian,正殿,正殿,153,153,Chunhuasi_Zhengdian,淳化寺正殿,淳化寺正殿,5,236,42,, ,Great Hall,,,,Zhengdian,,,,36.3532333,113.5862,36˚ 21.194'N (Garmin),113˚ 35.172',,2010,,0,0,0,0,0,1,0,1,?,0,1,1,1,0,1,0,
16,,zhengdian,zhengdian,正殿,正殿,154,154,Cixiangsi_Zhengdian,慈相寺正殿,慈相寺正殿,5,239,45,,,Main Hall,,,,Zhengdian,1125-1234,1125,1234,37.23389444,112.2438056,"37˚14' 02.02"" N (fuzzy satellite following 赝能隙 photo)","112˚ 14' 37.72""","main hall jin, pagoda Song, bad photos so data needs confirmation",1997,,0,0,0,1,1,1,0,1,,0,1,0,1,0,?,?,
17,,Shanmen,Shanmen, 山門, ,155,155,Cuifujunmiao_Shanmen,陵川崔府君庙,陵川崔府君庙,5,266,72,, ,Shanmen Jin,"Lingchuan Cuifujunmiao, Xianyingwangmiao","陵川崔府君廟,顯應王廟"," 陵川崔府君庙, 显应王庙",Cuifujunmiao,1125-1234,1125,1234,35.79946667,113.1166,35˚ 47.968 N,113˚ 06.996 E,https://zh.wikipedia.org/wiki/%E5%B4%94%E5%BA%9C%E5%90%9B%E5%BA%99,2009,,0,0,0,0,0,1,1,0,1,0,0,1,1,1,1,0,
18,,Dabeiyuan Guodian,Dabeiyuan Guodian,過殿,过殿,156,156,Quwo_Dabeiyuan_Guodian,曲沃大悲院过殿,曲沃大悲院过殿,,,,,,,,,,Dabeiyuan Guodian,1180,1180,1180,35.73436667,111.5450667,35˚ 44。062,111˚ 32.704',,,,0,0,0,1,1,1,0,1,1,0,1,0,2,0,0,1,
19,,Feilaidian,Feilaidian,飛來殿,飞来殿,157,157,Damiao_Feilaidian,大廟飛來殿,大庙飞来殿,3,114,62,,,Feilai_Hall,,,, ,993-1327,993,1327,,,,,animal motifs on bracketing: likely a Yuan structure...,*,,,,,,,,,,,,,,,,,,
20,,Dafodian,Dafodian, 大佛殿, 大佛殿,158,158,Dayunyuan_Dafodian,大雲院大佛殿,大云院,3,112,60,, Xianyan Cloister,Amitābha Hall,"Xianyanyuan, Dayunchanyuan","仙岩院,大雲禪院",,Mituodian,940,940,940,36.35619167,113.4353267,"36˚ 21' 37.15"" N ( google earth-Cui Junze, no satellite)","113˚ 26' 11.96"" E",10th cen compare to Jidumiao Qingong,1997,,0,0,0,1,1,1,1,0,,0,0,0,0,0,0,1,
21,,wuliangdian?,Wuliangdian,無梁殿, ,159,159,Guanwangmiao_wuliangdian,定襄關王廟無梁殿,定襄关王庙,6,368,Ⅲ－71,,,Beamless Hall,,,,,1208,1208,1208,,,,,"1208 關王殿； see: 中國 文物 地圖集 山西分冊, 中, 571-572 ",*,,,,,,,,,,,,,,,,,,
22,,zhengdian,zhengdian,正殿,正殿,160,160,Zhoucun_Dongyuemiao_zhengdian,周村东岳廟正殿,周村东岳庙正殿,6,364,67,, ,Main Hall,,,,Dongyuemiao,,,,35.47615,112.620216,35˚ 28.569 N (Garmin),112˚ 37.213 E,,2009,,0,0,0,0,0,1,0,1,?,0,1,0,1,0,1,0,
22,,Caishendian,Caishendian,財神殿,财神殿,161,161,Zhoucun_Dongyuemiao_Caishendian,周村东岳廟财神殿,周村东岳庙财神殿,6,364,67,, ,God of Wealth Hall,,,,Dongyuemiao,,,,35.4762,112.6204833,35˚ 28.572 N (Garmin),112˚ 37.229 E,ang and ang-shaped shuatou are only on corners,,,0,0,0,0,0,1,0,1,,0,1,0,1,1,1,0,
23,,dadian,dadian,大殿,大殿,162,162,Dongyi_Longwangmiao_dadian,东邑龙王庙大殿,东邑龙王庙大殿,6,378,81,, ,,,,,Longwangmiao,1125-1234,1125,1234,36.29381667,113.25975,36˚17.629 (Garmin),113˚ 15.585',"Main Hall Jin, see 中國 文物 地圖集 山西分冊, 中, 240",*,,0,0,1,0,1,1,0,1,1,0,1,0,2,1,1,0,
24,,Shanmen,Shanmen,山門,山门,163,163,Dulesi_Shanmen,独乐寺山門,独乐寺山門,1,84,37,, ,,,,,Shanmen,984,984,984,40.0438,117.3966833,40˚ 02.645' N (Garmin),117˚ 23.800' N,984,2008,,0,1,0,0,1,0,1,0,1,0,0,0,0,0,0,1,
24,,Guanyinge,Guanyinge,觀音閣,观音阁,164,164,Dulesi_Guanyinge,独乐寺观音阁,独乐寺观音阁,1,84,37,, ,,,,,Guanyinge,984,984,984,40.04408333,117.3966666,40˚ 02.628' N (Garmin),117˚ 23.801' E,984,2008,,0,1,0,0,1,0,1,0,1,1,0,0,2,0,0,1,
25,,zhengdian,zhengdian,正殿,正殿,165,165,Faxingsi_zhengdian,法興寺正殿,法兴寺正殿,3,106,54,, ,Main Hall,,,,Faxingsi_Zhengdian,1100-1125,1100,1125,35.98437778,112.9065806,"35˚ 59' 03.76"" N (google earth-satellite confirmation)","112˚ 54' 23.69"" E",song elements rebuilt--exclude?,1997?,,0,x,0,0,0,1,1,0,x,0,0,1,2,0,0,1,
26,,Hongjiqiao,Hongjiqiao,洪濟橋, ,166,166,Fencheng_Gujianzhuqun_Hongjiqiao,汾城古建筑群,汾城古建筑群,6,384,87,, ,Hongji Bridge,,,, ,1183,,,,,,,"not listed separately in 中國 文物 地圖集, bridge from Jin https://zh.wikipedia.org/wiki/%E6%B1%BE%E5%9F%8E%E5%8F%A4%E5%BB%BA%E7%AD%91%E7%BE%A4",n/a?,,,,,,,,,,,,,,,,,,
27,,Daxiongdian,Daxiongdian,大雄殿 ,大雄殿,167,167,Fengguosi_Daxiongdian,奉国寺大雄殿,奉国寺大雄殿,1,86,39,,,,,大雄寶殿,,Daxiongbaodian,1020,1020,1020,41.5430333,121.2424167,41˚ 32.582' N (Garmin),121˚ 14.545' E,"Daxiongdian: 開 泰 九 年 正 月 十 四 起 工 (Feb. 10, 1020) ",2008,,0,0,0,1?,1,1,1,0,1,1,0,0,2,0,0,1,
28,,Shijiata,Shijiata,釋迦塔,释迦塔 ,168,168,Fogongsi_Shijiata,佛宫寺释迦塔,佛宫寺释迦塔,1,71,24,, ,Śākyamuni Pagoda,,應縣木塔,,Yingxian muta,1056-1095,1056,1095,39.5650166,113.1817,39˚ 33.901' N (Garmin),113˚ 10.902 E,"northern pagodas and development of xiegong;pingzuo bracket sets jixin on first step, eaves touxin ",2009,,1,1,1,0,1,1,1,1,1,1,0,0,2,0,0,1,
29,,dongdadian,dongdadian,東大殿,東大殿,169,169,Foguangsi_dongdadian,佛光寺東大殿,佛光寺東大殿,1,80,33,,,Great East Hall,,,,Dongdadian,857,857,857,38.8695,113.387333,38˚ 52.14' N (Magellan),113˚ 23.22 E,857 early diantang,1999,,0,0,0,0,1,0,1,0,1,1,0,0,2,0,0,1,
29,,Wenshudian,Wenshudian,文殊殿,文殊殿,170,170,Foguangsi_Wenshudian,佛光寺文殊殿,佛光寺文殊殿,1,80,33,,,Mañjuśrī Hall,,,,Wenshudian,1137,1137,1137,38.8695,113.387333,38˚ 52.14' N (Magellan),113˚ 23.22 E,"1137 early Jin dynasty, use of xiegong in central bay; cloud-shaped arm  instead of guazigong makes ct brackt sets jixin; lingong single timber across façade but made to look beveled",1999,lat/long from Dongdadian,0,0,1,0,1,1,1,1,,0,0,1,1,1,1,0,
30,,zhengdian,zhengdian,正殿,正殿,171,171,Fotousi_Zhengdian,佛頭寺正殿,佛头寺正殿,6,366,69,, ,Great Hall,,,,Zhengdian,,,,36.3581667,113.5761333,36˚ 21.490' (Garmin),113˚ 34.568',"Great Hall Song-Jin structure; see: 中國文物地圖集山西分冊, 中, 305 ",2010,,0,0,1,0,1,1,0,1,1,0,1,0,2,1,1,0,
31,,Daxiongbaodian ,Daxiongbaodian ,大雄寶殿,大雄宝殿,172,172,Fuxiangsi_Daxiongbaodian,福祥寺大雄寶殿,福祥寺,6,385,88,, ,main hall  ,,,,Fuxiangsi,1115-1234,1115,1234,,,,,"Daxiongbaodian Jin: see 中國 文物 地圖集 下, 718.",*,,,,,,,,,,,,,,,,,,
32,,xitai ,xitai ,戲台,戏台,173,173,Gaoping_Erlangmiao_xitai,高平二郎廟戲台,二郞庙,6,387,90,, ,Stage Jin dynasty,,,,Erlangmiao,1125-1234,1125,1234,35.86535,112.8704,35˚ 51.921 N (Garmin),112˚ l51.224 E,earliest stage,2009,,0,0,0,0,2,?,0,1,0,0,1,0,1,1,0,?,
33,,Wenshudian,Wenshudian,文殊殿,文殊殿,174,174,Geyuansi_Wenshudian,阁院寺文殊殿,阁院寺文殊殿,4,95,17,, ,,,,,Geyuansi,977,977,977,39.353,114.681833,39˚ 21.18' N (Magellan),114˚ 40.91' E,Liao building with mojiaogong but no fan brackets; cloud bracket arms make it jixin,1999,,0,1,0,0,?,1,0,1,1,0,0,0,0,0,0,1,
34,,Shanjita,Shanjita,善濟塔,善济塔,175,175,Guangdesi_Shanjita,廣德寺善濟塔,广德寺善济塔,6,703,406,,,Guangde Monastery,,,, ,,,,,,,,"no date information in ZGMSCD, 910; Song stele; see: http://baike.baidu.com/view/113543.htm",n/a?,,,,,,,,,,,,,,,,,,
35,,zhengdian,zhengdian,"
", ,176,176,Guanghuasi_zhengidan,廣華寺正殿,广华寺,,,,,,,,,,Guanghuasi,1125-1234,1125,1234,37.36166667,112.4942,,,,,,0,0,0,0,0,1,0,1,1,0,1,0,1,0,0,1,
36,,zhengdian,zhengdian,廣仁王廟正殿,王庙,177,177,Guangrenwangmiao_zhengdian,廣仁王廟正殿,广仁王庙正殿,5,248,54,, ,,,Wulongmiao,,,831,831,831,34.73344722,110.677217,"34˚ 44’ 00.41"" N (google earth)","110˚ 40' 37.98"" E",identified with Cui Jinze photo,1997,,0,0,0,0,0,0,1,0,?,0,0,0,0,0,0,1,
37,,"xiandian
",xiandian,"獻殿
",献殿,178,178,Hancheng_Fawangmiao_xiandian,韓城法王廟獻殿,韩城法王庙献殿,6,779,482,,,,,,,Fawangmiao,"1234-1368
",1234,1368,,,,,"Complex founded in 1022, Yuan-style back offering hall; see: http://www.hancheng.gov.cn/hcly/view.aspx?id=6302; http://www.baike.com/wiki/%E6%B3%95%E7%8E%8B%E5%BA%99",n/a?,,,,,,,,,,,,,,,,,,
38,,zhengdian,zhengdian,洪福寺正殿,洪福寺正殿,179,179,Hongfusi_Zhengdian,洪福寺正殿,洪福寺正殿,5,251,57,,,Main Hall,,,,Zhengdian,1096-1125,1096,1125,38.62949167,113.0524611,"38°37'46.17""(google earth-satellite)","113°03'08.86""",stele inscription documenting repair in the Tianhui period (1123-1138) see: 中國 文物 地圖集 山西分冊，中，571,1998,,0,0,1,0,1,1,0,0,,0,0,1,1,1,1,0,
39,,zhengdian,zhengdian,正殿,正殿,180,180,Hongjiyuan_zhengdian,洪濟院正殿,洪济院正殿,5,252,58,, ,Main Hall (Jin),,,,Hongjiyuan,1115-1234,1115,1234,36.9830166,112.66555,36˚ 58.981 N (Garmin),112˚ 39.933 E,,2009,,0,0,0,1,1,1,0,1,1,0,1,0,1,0,0,1,
40,,dadian,dadian,大殿,大殿,181,181,Hualinsi_dadian,华林寺大殿,华林寺大殿,2,19,4,, ,Main Hall,,,,Dadian,964,964,964,26.103525,119.291925,"26˚ 06' 12.69"" N (google earth 9/2009)","119˚ 17' 30.93"" E ","rebuilt in new location, but has Dafoyang elements from 10th century",2004,for date see: zgmscd 471,0,0,0,1,2,0,1,0,1,0,0,0,3,1,0,1,
41,,Xiasi Boqiejiaozangdian,Xiasi Boqiejiaozangdian,下寺薄伽教藏殿,下寺薄伽教藏殿,182,182,Huayansi_Xiasi_Boqiejiaozangdian,華嚴寺 下寺薄伽教藏殿,华严寺 下寺薄伽教藏殿,1,91,44,,,Lower Monastery Bhagavat Sutra Hall,,,,Xiasi_Boqiejiaozangdian,1038,1038,1038,40.0905166,113.288533,40˚ 05.431' N (Garmin),113˚ 17.312' E,1038,,,0,1,0,0,1,1,0,1,,0,0,0,0,0,0,1,
41,,Shangsi Daxiongbaodian,Shangsi Daxiongbaodian,上寺大雄寶殿,上寺大雄寶殿,183,183,Huayansi_Shangsi_Daxiongbaodian,華嚴寺 上寺大雄寶殿,华严寺上寺大雄寶殿,1,91,44,,,Upper Monastery Daxiong Treasure Hall,,,,Shangsi Daxiongbaodian,1140,1140,1140,40.09125,113.287433,40˚ 05.475' N (Garmin),113˚ 17.246' E,1140,2009,,0,1,1,0,1,1,0,1,,0,0,0,0,0,0,1,
42,,zhengdian,zhengdian,正殿,正殿,184,184,Huilongsi_zhengdian,回龍寺正殿,回龙寺正殿,6,393,96,, ,,,,, ,1115-1234,1115,1234,,,,,Main Hall Jin; see: http://www.sxcr.gov.cn/wmsx/show.php?itemid=1100,*,,,,,,,,,,,,,,,,,,
43,,Sanqingdian,Sanqingdian,三清殿,三清殿,185,185,Huixianguan_Sanqingdian,會仙觀三清殿,会仙观三清殿,5,254,60,, ,Hall of the Three Pure Ones,,,,Sanqingdian,1115-1234,1115,1234,36.7518166,113.038883,36˚ 45.109' N (Garmin),113˚ 02.333 E,column top xiaang in central bay--seems later than Jin?,2009,,1,0,0,0,0,1,0,1,,0,1,,2,,1,0,
44,,zhengdian,zhengdian,正殿,正殿,186,186,Hutumiao_zhengdian,狐突庙正殿,狐突庙正殿,6,362,65,, ,,,,,Hutumiao,,,,,,,,really song?,1999,,,,,,,,,,,,,,,,,,
45,,qingong,qingong,寢宮,寝宫,187,187,Jidumiao_qingong,济渎庙寝宫,济渎庙寝宫,4,107,29,, ,,,,,Qingong,960-1000,960,1000,35.1095333,112.576583,35˚ 06.572' N (Garmin),112˚ 34.595' E,qinmian style youang,2009,,0,0,0,1,1,1,1,0,1,0,?,0,0,0,0,1,
46,,zhengdian,zhengdian,正殿,正殿,188,188,Jincheng_Erxianmiao_zhengdian,晉城二仙廟正殿,晋城二仙庙正殿,4,97,19,, ,Main Hall,,,,Erxianmiao,1107-1117,1107,1117,35.496,112.9725,35˚ 29.76' N (Magellan),112˚ 58.35' E,"touxin on corner, jixin on frt facade",2004,,0,0,0,0,0,1,1,1,1,0,1,0,1,1,1,0,
47,,Houdian,houdian,后殿,后殿,189,189,Jincheng_Yuhuangmiao_Houdian,晉城玉皇廟后殿,晋城玉皇庙后殿,3,113,61,,Jincheng Temple of the Jade Emperor,Back Hall,Jincheng_Zezhouxian_Yuhuangmiao,,,Houdian,1076,1076,1076,35.54693333,112.93665,35˚ 32' 34.51 N (google earth),"112˚ 56' 32.81"" E","back hall late 11th century, bracketing style similar to SMD",,,0,0,0,0,1,1,0,1,,,,,,,,,
48,,Shengmudian,Shengmudian,聖母殿,聖母殿,190,190,Jinci_Shengmudian,晋祠聖母殿,晋祠聖母殿,1,85,38,,,Sage Mother Hall,,,,Shengmudian,1038-1087,1038,1087,37.708727,112.434575,37˚ 42.25' E  N (Garmin),112˚ 26.43' E,Shengmudian 1038-1087-local and trans-local types of bracketing,2006?,,0,0,0,0,1,1,0,1,1,0,1,1,1,1,0,1,
48,,Xiandian,xiandian,獻殿,獻殿,191,191,Jinci_Xiandian,晋祠獻殿,晋祠獻殿,1,85,38,,,Offering Hall,,,,Xiandian,1168,1168,1168,37.7085556,112.435,37˚ 43.99' N (Garmin),112˚ 33.70' E,Jin 1168-local and trans-local types of bracketing,2006?,,0,0,0,0,1,1,0,1,1,0,1,1,1,1,0,1,
49,,zhuanjiaodian,zhuanjiaodian,轉角殿,轉角殿,192,192,Jindongsi_zhuanjiaodian,金洞寺轉角殿,金洞寺转角殿,6,359,62,, ,Corner Hall,,,,Jindongsi,960-1125,960,1125,,,,,,1999,,0,0,0,0,0,1,1,0,？,1,0,0,1,1,0,1,
50,,Daxiongbaodian,Daxiongbaodian,大雄寶殿,大雄宝殿,193,193,Jingtusi_Daxiongbaodian,净土寺大雄寶殿,净土寺大雄宝殿,6,398,101,, ,,,,,Daxiongbaodian,1184,1184,1184,39.5665166,113.1876,39˚ 33.997' N (Garmin),113˚ 11.256˚ E,,2009,,0,0,0,1,2,1,0,1,,0,1,0,1,0,0,1,
51,,Daxiongbaodian,Daxiongbaodian,大雄寶殿,大雄宝殿,194,194,Jingzhuang_Dayunsi_Daxiongbaodian,荆庄大云寺大雄宝殿,荆庄大云寺大雄宝殿,5,230,36,, ,,,,,Dayunsi Daxiongbaodian,,,,,,,,,*,,,,,,,,,,,,,,,,,,
52,,Shengmudian,Shengmudian,聖母殿,聖母殿,195,195,Jiutian shengmumiao_Shengmudian,九天聖母廟聖母殿,九天圣母庙圣母殿,5,238,44,,  ,Sage Mother Hall,,,, ,960-1101,960,1102,36.22523333,113.3374167,36 13.514' (Garmin),113˚ 20.245',http://baike.baidu.com/subview/139499/10834210.htm,2010,,0,0,0,1,1,1,0,1,1,0,1,0,1,0,0,1,
53,,xiandian,xiandian,獻殿,獻殿,196,196,Kaifusi_xiandian,开福寺獻殿,开福寺獻殿,6,371,74,, ,Offering Hall,,,,Xiandian,1161-1190,1161,1190,35.4803,112.4226,35˚ 28.818' (Garmin),112˚ 25.356',"Offering Hall is Jin Dading period (1161-1190) see: 中國 文物 地圖集 山西分冊, 中, 500 ",*,,0,0,0,1,1,1,0,1,1,0,1,0,1,1,1,0,
54,,Daxiongbaodian,Daxiongbaodian,大雄寶殿,大雄宝殿,197,197,Kaihuasi_Daxiongbaodian,开化寺大雄寶殿,开化寺大雄宝殿,5,269,75,, ,,,,,Daxiongbaodian,,,,35.87018611,113.0370944,"35˚ 52' 12.67"" N (google earth-satellite confirm)","113˚ 02' 13.54"" E",,1997,,0,0,0,0,0,1,0,1,?,0,0,1,1,1,1,0,
55,,zhengdian,zhengdian,正殿,正殿,198,198,Kaishansi_zhengdian,开善寺正殿,开善寺正殿,4,96,18,, ,Main Hall,,,,Zhengdian ,,,,39.2470666,115.9872,39˚ 14.824' N (Garmin),115˚ 59.232' E,"Liao building with mojiaogong, again no fan brackets",2009,,0,1,0,0,0,1,0,1,1,0,0,0,0,0,0,1,
56,,zhonglou,zhonglou,鐘樓,钟楼,199,199,Kaiyuansi_zhonglou,开元寺钟楼,开元寺钟楼,3,105,53,, ,Bell Tower,,,,Zhonglou,898,898,898,,,38˚ 08.39' N (Magellan),114˚ 33.94' E,Tang dynasty first floor (partial)--compare to Zhengding Wenmiao?,1999,for date see: zgmscd 104,n/a,,,,,,,,,,,,,,,,
57,,Shengtiansi zhengdian,zhengdian,聖天寺,圣天寺,200,200,Langbi_Shengtiansi_zhengdian,廊必圣天寺正殿,廊必圣天寺正殿,,,,,,Main Hall,,,,Shengtiansi,960-1125,960,1125,35.76526667,112.3737333,35˚ 45.916' (Garmin),112˚ 22.424',,2010,,0,0,0,0,1,1,0,1,1?,0,0,0,0,1,0,1,
58,,shifang,shifang, 石坊,石坊,201,201,Liang_Cheng_guli_shifang,两程故里石坊,两程故里石坊,6,627,330,, ,,,,,guli,1462,,,,,,,first built in 1131?; rebuilt in the Yuan; expanded in the Ming,n/a,,,,,,,,,,,,,,,,,,
59,,Daoxuetang,Liang Cheng ci Daoxuetang,道學堂, 道学堂,202,202,Liang_Cheng_guli_Liang_Cheng_ci_Daoxuetang,两程故里,两程故里,6,627,330,, ,,,,,guli,1131,,,,,,,first built in 1131?; rebuilt in the Yuan; expanded in the Ming,n/a,,,,,,,,,,,,,,,,,,
60,,guodian,guodian, 過殿,过殿,203,203,Lingchuan_Longyansi_guodian,陵川龍巖寺過殿,陵川龙岩寺过殿,5,229,35,, ,,,,,Longyansi,1129,1129,1129,,,,,,*,,,,,,,,,,,,,,,,,,
61,,Pizhita,Pizhita,辟支塔,辟支塔,204,204,Lingyansi_Pizhita,靈岩寺辟支塔,灵岩寺辟支塔,2,21,6,,Shandong Tai'an Lingyan Monastery,Lingyan Monastery Solitary Pagoda,,,,Lingyan_Monastery_Pratyeka_Pagoda,1057,1057,1057,36.3632666,116.977683,,,Song dynasty; corner bracket sets on front facade,fall 2009,for date see: zgmscd 585,1,1,1,0,3,1,0,1,？,0,0,0,0,0,0,1,
62,,Lingzewangdian,Lingzewangdian,靈澤王殿 , ,205,205,Lingzewangmiao_Lingzewangdian, ,灵泽王庙 ,6,373,76,, ,,Taiping Longwangmiao,太平龍王廟, ,zhengdian,1210,,,,,could not find,,"Also called: 太平龍王廟 Main Hall from 1210; see: 中國 文物 地圖集 山西分冊, 中,278",*,,,,,,,,,,,,,,,,,,
63,,Tianwangdian,Tianwangdian,天王殿,天王殿,206,206,Longmensi_Tianwandian,龍門寺天王殿,龙门寺天王殿,4,92,14,, ,Tianwang Hall,,,,Tianwandian,1125-1234,1125,1234,36.3896666,113.622666,36˚ 23.38' N (Magellan),113˚ 37.36' E,Jin dynasty with fan brackets,1999,,0,0,1,0,1,1,0,1,1,0,1,0,1,0,1,0,
63,,xipeidian,xipeidian,西配殿,西配殿,207,207,Longmensi_Xipeidian,龍門寺西配殿,龙门寺西配殿,4,92,14,, ,West Side Hall,,,,Xipeidian,925,925,925,36.387495,113.6201617,"36˚ 23' 24.97"" N (google earth-satellite)","113˚ 37' 20.97"" E ",925: earliest subsidiary building,,,0,0,0,0,0,0,1,0,,0,0,0,0,0,0,1,
63,,Daxiongbaodian,Daxiongbaodian,大雄寶殿,大雄宝殿,208,208,Longmensi_Daxiongbaodian,龍門寺大雄宝殿,龙门寺大雄宝殿,4,92,14,, ,Daxiong Treasure Hall (Mahavira Hall),,,,Daxiongbaodian,1098,1098,1098,36.38750833,113.620255,"36˚ 23' 25.05"" N (google earth-satellite)","113˚ 37'21.53 ""E",Song dynasty--eleventh century typical of Shangdang,,,0,0,0,0,0,1,0,1,1,0,0,1,1,1,1,0,
64,,Tianwangdian,Tianwangdian,天王殿,天王殿,209,209,Longxingsi_Tianwangdian,隆兴寺天王殿,隆兴寺天王殿,1,89,42,, ,,,,,Tianwangdian,982,982,982,38.14109167,114.5763528,38˚ 08' 27.97' N (google earth 9/2009),"114˚ 34' 34.88"" E",late 10th century (982?); modified in 1780. Early mojiao gong similar to Dulesi,1999?,zgmscd 105-106,1,0,0,0,0,0,1,0,1,0,0,0,0,0,1,0,
64,,Monidian,Monidian,摩尼殿,摩尼殿,210,210,Longxingsi_Monidian,隆兴寺摩尼殿,隆兴寺摩尼殿,1,89,42,, ,,,,,Monidian,1052,1052,1052,38.14256944,114.5762444,"38˚ 08' 33.25"" N (google earth 9/2009)","114˚ 34' 34.48"" E",1052 with angled bracket arms; qinmian ang appears to be recarved,,,1,1,1,0,1,1,1,1,1,0,1,1,1,1,1,1,
64,,Zhuanluncangge,zhuanluncangge,轉論藏閣,转论藏阁,211,211,Longxingsi_Zhuanluncangge,隆兴寺轉論藏閣,隆兴寺轉論藏閣,1,89,42,, ,Revolving Sutra Repository,,,,Zhuanluncangge,1050-1100,1050,1100,38.14345556,114.5761833,"38˚ 08' 36.44"" N (google earth 9/2009)","114˚ 34' 34.26"" E",upper eaves bracket sets;,,2nd half of 11th century; see Qi Yingtao,0,0,0,1?,2,1,0,1,1,0,0,1,1,1,0,1,
64,,Cishige,Cishige,慈氏閣,慈氏阁,212,212,Longxingsi_Cishige,隆兴寺慈氏閣,隆兴寺慈氏閣,1,89,42,, ,Maitreya Pavilion,,,,Cishige,1050-1100,1050,1100,38.14363611,114.5765111,"38˚ 08' 37.09"" N (google earth 9/2009)","144˚ 34' 35.47"" E",upper eaves bracket sets,,2nd half of 11th century; see Qi Yingtao,0,0,0,1?,2,1,0,1,?,0,0,1,2,0,0,1,
65,,Zushidian,Zushidian,祖師殿, ,213,213,Meian_Zushidian,梅庵祖師殿,梅庵,4,109,31,, ,,,,,Meian,996,996,996,,,,,"Zushidian thought to retain Song style (ZGMSCD, 842)",*,,,,,,,,,,,,,,,,,,
66,,dadian,dadian,大殿,大殿,214,214,Nanchansi_dadian,南禪寺大殿,南禅寺大殿,1,79,32,,Nanchan Monastery,Nanchansi Great Hall,,,,Dadian,782,782,782,38.7013333,113.114,38˚ 42.08' N (Magellan),113˚ 06.84 E,early timber architecture,1999,,0,0,0,0,0,0,1,0,1,0,0,0,0,0,0,0,
67,,zhongdian,zhongdian,中殿,中殿,215,215,Nanjixiangsi_zhongdian,南吉祥寺中殿,南吉祥寺中殿,,,,, ,Middle Hall,,,,Zhongdian,1030,1030,1030,35.77675,113.12075,35˚ 46' 33.36' N  (google earth-fuzzy satellite),"113˚ 7' 15.40"" E",,1998,,0,0,1,0,1,1,1,0,1,1,0,0,1,1,1,0,
68,,zhengdian,zhengdian,正殿,正殿,216,216,Nanshentou_Erxianmiao_zhengdian,南神头二仙庙,南神头二仙庙,6,390,93,, ,Main Hall,,,,Erxianmiao,960-1125,960,1125,35.69555,113.35965,35˚ 41.733',113˚ 21.579',Main Hall from Jin; see: http://www.huaxia.com/zhsx/sxsy/wwzy/12/1256259.html,2010,,0,0,1,1,1,1,0,1,1,0,1,0,1,1,1,0,
69,,Tianwangdian,Tianwangdian,天王殿, ,217,217,Nantong_Tianningsi_Tianwangdian,南通天宁寺天王殿,南通天宁寺,6,510,Ⅲ－213,, ,,,,,Tianningsi,,,,,,,,Song-Yuan style; see: ZGMSCD 320,n/a?,,,,,,,,,,,,,,,,,,
69,,Daxiongbaodian,Daxiongbaodian,大雄寶殿,大雄宝殿,218,218,Nantong_Tianningsi_Daxiongbaodian,南通天宁寺,南通天宁寺,6,510,Ⅲ－213,, ,,,,,Tianningsi,,,,,,,,Song-Yuan style; see: ZGMSCD 320,n/a?,,,,,,,,,,,,,,,,,,
70,,Dachengdian,Dachengdian,大成殿,大成殿,219,219,Pingyao_Wenmiao_Dachengdian,平遙文廟大成殿,平遥文庙大成殿,5,240,46,,,Dacheng Hall,,,,Dachengdian,1163,1163,1163,37.195,112.19,37˚ 11.7' N (Magellan),112˚ 11.4' E,first step is made jixin with a cloud-shaped bracket arm,"1997, 2004",,0,0,0,0,0,1,0,1,,0,1,0,2,0,0,1,
71,,zhengdian,zhengdian,正殿,正殿,220,220,Puguangsi_zhengdian,普光寺正殿,普光寺正殿 ,6,358,Ⅲ－61,,,Puguang Monastery Main Hall,,,,Puguangsi,960-1125,960,1125,,,,,"main hall from Song, hip-gable converted to gable; https://zh.wikipedia.org/wiki/%E6%99%AE%E5%85%89%E5%AF%BA_(%E5%AF%BF%E9%98%B3)",*,,,,,,,,,,,,,,,,,,
72,,Sanqingdian,Sanqingdian,三清殿,三清殿,221,221,Putian_Yuanmiaoguan_Sanqingdian,莆田元妙观三清殿,莆田元妙观三清殿,4,103,25,,,,,,,Yuanmiaoguan Sanqingdian,1015,1015,1015,25.4333333,119.018666,"25˚ 26' N (Magellan, no satellite confirm)",119˚ 01.12 E,,2004,,0,0,0,1,1,0,1,0,?,0,?,0,3,1,0,1,
73,,dadian,dadian,大殿,大殿,222,222,Puzhaosi_dadian,普照寺大殿,普照寺大殿,6,394,97,, ,Great Hall Jin dynasty,,,,Dadian,1115-1234,1115,1234,36.7457833,112.653316,36˚ 44.747 N (Garmin)36˚ 44.747 N (Garmin),112˚ 39.199 E,,2009,,0,0,1,0,1,0,0,1,1,0,1,0,1,1,1,1,
74,,Zhengdian,zhendian,正殿,正殿,223,223,Qingliansi_Zhengdian,青莲寺正殿,青莲寺正殿,3,110,58,, , ,,,,Zhengdian,1089,1089,1089,35.45525666,112.98687,"35˚ 27' 31.54"" N (google earth-satellite)","112˚ 59' 21.22"" E",a regional style in the 11th century,1997,,0,0,0,0,0,1,0,1,1,0,0,1,1,1,0,1,
74,,Cangjingge,cangjingge,藏經閣,藏经阁,224,224,Qingliansi_Cangjingge,青莲寺藏经阁,青莲寺藏经阁,3,110,58,, , ,,,,Cangjingge,1089-1911?,1089,1911,35.45511,112.9869033,"35˚ 27' 30.66"" N (google earth-satellite)","112˚ 59' 21.42"" E ",lower story first step jixin--part of later modification?,,,0,0,0,0,1,1,1,1,?,0,0,?,1,0,,,
75,,Cuifujunmiao Fujundian,Fujundian,府君殿,府君殿,225,225,Qinshui_Cuifujunmiao_Fujundian,沁水崔府君庙府君殿,沁水崔府君庙府君殿,,,,,,Fujundian Jin,,,,Cuifujunmiao Fujundian,1125-1234,1125,1234,35.63165,112.5239667,35˚ 37.899' (Garmin),112˚ 31.438,,2010,,0,0,0,0,1,1,0,1,1,0,1,1,1,1,1,0,
76,,Qinshui Longyansi Shanmen,Shanmen,沁水龍岩寺上門,沁水龙岩寺上門,226,226,Qinshui_Longyansi_Longyansi_Shanmen,沁水龙岩寺上門,沁水龙岩寺上門,,,,,,,,,,Longyansi Shanmen,1125-1234,1125,1234,35.60273333,111.97115,35˚ 36.164' (Garmin),111˚ 97.115',,,,0,0,0,0,1,1,1,0,1,0,1,0,2,0,0,1,
77,,Shundimiao Dadian,dadian,大殿,大殿,227,227,Qinshui_Shundimiao_Dadian,沁水舜帝庙大殿,沁水舜帝庙大殿,,,,,,Main Hall,,,,Shundimiao Dadian,1125-1234,1125,1234,35.60493333,111.97245,35˚ 36.296' (Garmin),111˚ 58.347,,,,0,0,0,0,1,1,0,1,1,0,1,0,1,0,0,1,
78,,zhengdian,zhengdian,正殿,正殿,228,228,Qinxian_Dayunyuan_zhengdian,沁縣大雲院,沁县大云院,5,244,50,, ,Main Hall,,,,Dayunyuan,1115-1234,1115,1234,36.7477,112.5745,36˚ 44.862' N (Garmin),112˚ 34.478' E,,2009,,0,0,0,0,0,1,0,1,1,0,0,0,0,0,1,0,
79,,zhengdian,zhengdian,正殿,正殿,229,229,Qixian_Xingfansi_zhengdian,祁县兴梵寺,祁县兴梵寺,,,,,,Zhengdian,,,,Xingfansi,960-1125,960,1125,37.39033333,112.4500667,37˚ 23.420' (Garmin),112˚ 27.004',,,,0,0,0,1,1,1,0,1,1,0,0,0,0,0,0,1,
80,, ,, , ,,, , , , , , ,, , ,,,, ,1195,1195,1195,35.5955833,116.98405,,,,*,,0,0,0,1,2,1,0,1,1,0,1,0,1,0,0,1,
81,,xibeiting,xibeiting,西碑亭,西碑亭,230,230,Qufu_Kongmiao_xibeiting,曲阜孔廟西碑亭,曲阜孔庙西碑亭,1,99,52,,Qufu Temple of Confucius,Qufu Confucius Temple West Pavilion,,,,Qufu_Kongmiao_Xibeiting,1195,1195,1195,35.5955833,116.98405,,,,*,,0,0,0,1,2,1,0,1,1,0,1,0,1,0,0,1,
82,,dadian,dadian,大殿,大殿,231,231,Ruicheng_Chenghuangmiao_dadian,芮城城隍庙,芮城城隍庙,5,249,55,, ,,,,,Chenghuangmiao,,,,,,,,大殿面宽五间，进深三间，单檐歇山顶。前檐柱头斗栱五铺作，双下昂，昂为劈竹式，蚂蚱形耍头,*,,,,,,,,,,,,,,,,,,
83,,Tianqidian,Tianqidian,天齊殿, ,232,232,Runcheng_Dongyuemiao_Tianqidian,润城东岳庙天齊殿, ,6,375,78,, ,Tianjidian,Tuncheng Dongyuemiao,屯城東岳廟,,Dongyuemiao,1199-1208,1199,1208,35.55121667,112.5350833,35˚ 33.084' (Garmin),112˚ 32.111',"天齊殿from Jin 1199-1208, see: 中國 文物 地圖集 山西分冊, 中, 500/天齊殿from Jin 1199-1208, see: 中國 文物 地圖集 山西分冊, 中, 500/天齊殿from Jin 1199-1208, see: 中國 文物 地圖集 山西分冊, 中, 500/天齊殿from Jin 1199-1208, see: 中國 文物 地圖集 山西分冊, 中, 500/",*,,0,0,0,0,0,1,0,1,1,0,1,0,3,1,1,0,
84,,zhengdian,zhengdian, 正殿,正殿,233,233,Sanjunmiao_zhengdian,三峻庙, ,5,261,67,,,Sanjun Temple,,,,Sanjunmiao,1175,1175,1175,36.03716667,113.6121667,36˚ 2.23'N (Garmin),113˚ 9.73'E,"Main Hall from 1175, see; 中國 文物 地圖集 山西分冊, 中, 336",*,,0,0,0,0,0,1,0,1,1,0,1,0,1,0,0,1,
85,,Tianwangdian,Tianwangdian,天王殿,天王殿,234,234,Shanhuasi_Tianwangdian,善化寺 ,善化寺 ,1,88,41,,,Tianwang Hall,,,,Tianwangdian,1128-1143,1128,1143,40.0854,113.293533,40˚ 05.124' N (Garmin),113˚ 17.612 E ',Shanmen--天會六－皇統三 (1128-1143),2009,,0,0,0,1,2,1,0,1,,0,1,0,1,0,0,1,
85,,Sanshengdian,Sanshengdian,三聖殿,三聖殿,235,235,Shanhuasi_Sanshengdian,善化寺 三聖殿,善化寺 三聖殿,1,88,41,,"Hall of Three Sages: Vairocana, Manjusri and Samantabhadra",Sansheng Hall,,,,Sanshengdian,1128-1143,1128,1143,40.0857166,113.29345,40˚ 05.143’ N,113˚ 17.607' E,"天會六－皇統三 (1128-1143, linggong for angled bracket arm is angled",,,0,0,1,0,2,1,0,1,,0,1,0,2,0,1,1,
85,,Puxiange,Puxiange,普賢閣,普賢閣,236,236,Shanhuasi_Puxiange,善化寺普賢閣,善化寺普賢閣,1,88,41,,,Puxian Pavilion,,,,Puxiange,1154,1154,1154,40.0859333,113.293333,40˚ 05.156' N,113˚ 17.600' E,1154; column-top match ic on lower eaves,,,0,1,1,1,1,1,0,1,,0,0,0,0,0,0,1,
85,,Daxiongbaodian,Daxiongbaodian,大雄寶殿,大雄寶殿,237,237,Shanhuasi_Daxiongbaodian,善化寺大雄寶殿,善化寺大雄寶殿,1,88,41,,,Daxiong Trearure Hall (Mahavira Hall),,,,Daxiongbaodian,1000-1143,1000,1143,40.0862833,113.293166,40˚ 05.177 N,113˚ 17.590' E,遼; renovated (重修) during 1128-1143 reconstruction， angled bracket arme on e and w; linggong on these bevelled backwards,,,0,0,1,0,1,1,0,1,,0,0,0,0,0,1,1,
86,,zhengdian,zhengdian, , ,238,238,Shaolinsi_Chuzuan_zhengdian,少林寺初祖庵,少林寺初祖庵,4,89,11,, ,,,,,Chuzuan,1125,1125,1125,34.50950278,112.9291167,"34˚ 30'34.21"" (google earth 7/5/2010)","112˚ 55' 44.82""","1125-contrast with Fengxianguan in Jiyuan, Henan as representing YZFS",1998?,,0,0,0,1,2,0,0,1,1,0,1,0,1,0,0,1,
87,,zhengdian,zhengdian, , ,239,239,Shizhang_Yuhuangmiao_zhengdian,石掌玉皇庙,石掌玉皇庙,6,377,80,, ,,,,,Yuhuangmiao,1125-1234,1125,1234,35.7257,113.33805,35˚ 43.542' (Garmin),113˚ 20.288',"Main Hall Jin, see 中國 文物 地圖集 山西分冊, 中, 513-514",*,,0,0,1,1,1,1,0,1,1,0,1,0,1,0,1,0,
88,,Sanjiaotang,Sanjiaotang,三教堂,三教堂,240,240,Sirun_Sanjiaotang,寺润三教堂,寺润三教堂,6,391,94,, ,Main Hall,,,,Sanjiaotang,1125-1234,1125,1234,35.83021667,113.18035,35˚ 49.813',113˚ 10.821,"Main Hall Jin, see: http://www.sxcr.gov.cn/wmsx/show.php?itemid=1007",2010,,0,0,0,1,1,1,0,1,1,0,1,0,1,1,1,0,
87,,Sanqingdian,Sanqingdian,三清殿,三清殿,241,241,Suzhou_Xuanmiaoguan_Sanqingdian,苏州玄妙观三清殿,苏州玄妙观三清殿,2,22,7,, ,,,,,Xuanmiaoguan Sanqingdian,1179,1179,1179,31.31431667,120.6216666,31˚ 18.895' N (Garmin),120˚ 37.307' E,large-scale Song building,2009,for date see: zgmscd 489,0,0,0,1,2?,?,1,0,?,0,1,0,2,0,0,1,
90,,Tianzhudian,Tianzhudian,天祝殿,天祝殿,242,242,Taian_Daimiao_Tianzhudian,泰安岱廟天祝殿,泰安岱庙天祝殿,3,125,73,,Tai'an Temple to the Eastern Peak Shandong,Tai'an Temple to the Eastern Peak Prayers to Heaven Hall,,,, ,,,,,,,,"originally built in 1009, modified numerous times. Wall paintings in Song style=ZGMSCD, 626",*,,,,,,,,,,,,,,,,,,
91,,Taifuguan zhongdadian,Taifuguan_zhongdadian,太符觀中大殿,太符观,243,243,Taifuguan_zhongdadian,太符觀,太符观,5,243,49,, ,Main Hall,,,,Taifuguan,1115-1234,1115,1234,37.3446111,111.9174667,"37˚ 20' 40.60"" N (google earth-satellite)","111˚ 55' 02.88"" E",,1998,,0,0,0,0,1,1,0,1,？,0,0,0,0,0,1,0,
92,,Daxiongbaodian,Daxiongbaodian,大雄寶殿,大雄宝殿,244,244,Taiyinsi_Daxiongbaodian,太阴寺大雄宝殿,太阴寺大雄宝殿,5,260,66,, ,,,,,Daxiongbaodian,1170,1170,1170,35.49343333,111.6487167,35˚ 29.606' (Garmin),111˚ 38.923',"Daxiongbaodian from Jin repair, see: 中國 文物 地圖集 山西分冊,下,p.1148",2010,,0,0,0,1,1,1,0,1,1,1,0,1,2,0,0,1,
93,,zhengdian,zhengdian,正殿,正殿,245,245,Tiantaian,天台庵,天台庵,3,107,55,,,Main Hall,,,,Zhengdian,618-907,618,907,36.38344,113.3922133,"36˚ 23' 00.64"" N (google earth Cui Jinze)","113˚ 23' 53.28"" E",probably late Tang based on style,1997,,0,0,0,0,1,0,1,0,,0,0,0,0,0,0,0,
94,,zhongdian,zhongdian,中殿,中殿,246,246,Tianwangsi_zhongdian,天王寺中殿,天王寺中殿,6,396,99,, ,Middle Hall,,,,Zhongdian ,1125-1234,1125,1234,36.11731667,112.8746333,36˚ 7.039' (Garmin),112˚ 52.478',Middle and Back Halls Jin: 现仅存中殿、后殿，有关专家从梁架结构和斗拱构件认证属金代建筑遗存,2010,,0,0,0,0,0,1,0,1,?,?,?,?,1,0,1,0,
94,,houdian ,houdian ,後殿,,247,247,Tianwangsi_houdian,天王寺後殿,天王寺後殿,6,396,99,, ,Back Hall,,,,Houdian,1125-1234,1125,1234,36.11753333,112.8747333,36˚ 7.052' (Garmin),112˚ 52.484',Middle and Back Halls Jin: 现仅存中殿、后殿，有关专家从梁架结构和斗拱构件认证属金代建筑遗存,2010,,http://www.sxcr.gov.cn/wmsx/show.php?itemid=1124,,,,,,,,,,,,,,,,
95,,"dadian
",dadian,"大殿
","大殿
",248,248,Wanrong_Jiwangmiao_dadian,萬榮稷王廟大殿,万荣稷王庙大殿,5,224,30,,,Jiwang Temple in Wanrong,,,,Jiwangmiao_Main_Hall,,,,,,,,,1998,,,,,,,,,,,,,,,,,,
96,,Sanfodian,Sanfodian,三佛殿,三佛殿,249,249,Wuxiangxian_Dayunsi_Sanfodian,武鄉縣大雲寺三佛殿,武乡县大云寺三佛殿,5,253,59,, ,Wuxiang county Three Buddhas Hall,,,,Dayunsi Sanfodian,960-1125,960,1125,36.9410666,112.6609,36˚ 56.493 N (Garmin),112˚ 39.657 E,,2009,,0,0,0,0,0,1,0,1,1,0,1,,0,,0,1,
97,,baidian,baidian,拜殿,拜殿,250,250,Xiajiao_Tangdimiao_baidian,下交汤帝庙拜殿,下交汤帝庙拜殿,6,357,60,, , ,,,,Baidian ,1213,1213,1213,35.41436667,112.3568333,35˚ 24.862,112˚ 21.410,offering hall originally a stage from Jin dynasty,2010,,,0,1,0,1,1?,0,1,1,0,1,0,1,1,1,0,
98,,zhengdian,zhengdian, 正殿, ,251,251,Xiangning_Shoushengsi_zhengdian,鄉寧壽聖寺,乡宁寿圣寺,6,379,82,,,Shousheng Monastery in Xining ,,,,Shoushengsi_Main_Hall,1049,1049,1125,,,,,"Main Hall Song? See 中國 文物 地圖集 山西分冊, 下, 978; http://baike.baidu.com/view/2020840.htm",*,,,,,,,,,,,,,,,,,,
98,,zhonglou,zhonglou,鐘樓, ,252,252,Xiangning_Shoushengsi_zhonglou,鄉寧壽聖寺,乡宁寿圣寺,6,379,82,,,Shousheng Monastery in Xining ,,,,Shoushengsi_bell_tower,1234-1368,1234,1368,,,,,Bell tower Yuan? See: http://baike.baidu.com/view/2020840.htm,*,,,,,,,,,,,,,,,,,,
99,,zhengdian,zhengdian,正殿,正殿,253,253,Xiaohuiling_Erxianmiao_zhengdian,小会岭二仙庙,小会岭二仙庙,5,265,71,, ,,,,,Erxianmiao,960-1125,960,1125,35.67861667,113.1687333,35˚ 40.717' N (Garmin),113˚ 10.124' E,,2010,,0,0,1,0,1,1,1,0,1,0,0,1,1,1,1,0,
100,,Biyunsi,dadian,碧雲寺,碧云寺,254,254,Xiaozhangcun_Biyunsi,小张村碧云寺,小张村碧云寺,,,,,,,,,,Biyunsi,,,,36.17146667,112.8389833,,,,2010,,,,,,,,,,,,,,,,,,
101,,zhongdian,zhongdian,中殿,中殿,255,255,Xilimen_Erxianmiao_Zhongdian,西李门二仙庙中殿,西李门二仙庙中殿,6,374,77,, ,Middle Hall Jin (1157),,,,Erxianmiao,1157,1157,1157,35.7030833,112.9776,35˚ 42.185' N (Garmin),112˚ 58.656' E,,2009,,0,0,0,0,1,1,0,1,1,0,1,0,2,0,0,1,
101,,houdian,houdian,后殿,后殿,256,256,Xilimen_Erxianmiao_Houdian,西李门二仙庙后殿,西李门二仙庙后殿,6,374,77,, ,Back Hall Jin with extensive repairs,,,,Erxianmiao,1125-1234,1125,1234,35.7032333,112.977666,35˚ 42.194' N (Garmin),112˚ 58.660' E,,2009,,0,0,0,0,1,1,0,1,?,0,1,0,1,0,0,1,
102,,Dongyuemiao dadian,dadian,東岳廟,东岳庙,257,257,Xingdongyuan_Dongyuemiao_dadian,兴东垣东岳庙,兴东垣东岳庙,5,241,47,, ,,,,,Dongyuemiao,,,,,,,,,*,,,,,,,,,,,,,,,,,,
103,"兴梵寺 祁县
Xingfansi     ZGWWDTJ Shanxi, vol. 3;    p.775    33 – C 1 Date of founding unknown, building area of 287 square meters. Facing south, single courtyard design and the only extant building on the central axis is the main hall (大殿).",dadian,dadian,大殿,大殿,258,258,Xingfansi_dadian,興梵寺大殿,兴梵寺大殿,6,367,Ⅲ－70,"main hall (大殿). [The main hall] has a brick platform of 1.85 meters high, a front façade of 5 bays, with a depth of 6 rafters, and a single eave hip/gable roof. Internal beam structure is supported by four columns, with a 4-rafter beam connected to both the front and back column grid by a single-rafter beam (搭牵; 劄牵?). 4 puzuo bracket sets with a single huagong (杪), original restoration no longer exists. Translated by Lydia Ohl; revised by T Miller, 02-2017", ,,,,,Guangfansi,960-1125,960,1125,37.39033333,112.4500667,,,"Main Hall Song structure; see: 中國文物地圖集山西分冊, 下, 775 ",*,,,,,,,,,,,,,,,,,,
104,,houdian,houdian,後殿,后殿,259,259,Xixi_Erxianmiao_houdian,西溪二仙庙后殿,西溪二仙庙后殿,5,267,73,, ,Back Hall Jin,,,,Erxianmiao,,,,35.7605,113.2553333,35˚ 45.63 N,113˚ 15.32 E,,2004,,0,0,0,1,2,1,0,1,1,0,1,0,2,0,0,1,
105,,qingong,qingong,寝宫,寝宫,260,260,Yangquan_Dawangmiao_qingong,陽泉大王寝宫,阳泉大王庙寝宫,5,255,61,, ,,,,,Dawangmiao,,,,,,,,寢宮from Jin--1172? Ic brackets have xiegong,*,,,,,,,,,,,,,,,,,,
106,,zhengdian,zhengdian,正殿,正殿,261,261,Yangquan_Guanwangmiao_zhengdian,陽泉關王廟正,阳泉关王庙正殿,4,99,21,, ,,,,,Guanwangmiao,,,,37.92066667,113.6196667,37˚ 55.24' N (Magellan-could not verify w/ satellite),113˚ 37.18 E,"only angled bracket arms are bevelled, not linggong",2001,,1,0,1,0,1,1,0,1,?,0,0,0,0,0,0,1,
107,,dafodian,dafodian,大佛殿,大佛殿,262,262,Yanqingsi_Dafodian,延慶寺大佛殿,延庆寺大佛殿,6,381,84,,,Yanqing Monastery Great Buddha Hall,,,, ,1115-1234,1115,1234,38.7483333,113.0625,38˚ 44.90' N (Magellan),113˚ 03.75' E,"中國 文物 地圖集 山西分冊,中 580",1999?,,0,0,1,0,1,1,0,1,1,0,0,1,1,1,1,,
108,,Yanshansi,Yanshansi,文殊殿 also 南殿,文殊殿 also 南殿,263,263,Yanshansi_Wenshudian,岩山寺文殊殿,岩山寺文殊殿,2,23,8,, ,Mañjuśrī Hall,,,,Yanshansi,1158,1158,1158,39.22918056,113.6534333,"39˚ 13’ 45.05"" N (google earth)","113˚ 39' 12.36"" E","1158 simple building,single xia'ang, ct and ic the same ",1999,,0,0,0,1,1,1,0,1,1,0,1,0,1,0,1,0,
109,,qiandian,qiandian,前殿,前殿,264,264,Youxiansi_qiandian,游仙寺前殿,游仙寺前殿,5,270,76,, ,Front Hall/Middle Hall Jin,,,,Qiandian,990-994,990,994,35.74008889,112.929389,"35˚ 44' 25.08"" N (google earth-satellite confirm)","112˚ 55' 45.86"" E",,,,0,0,0,0,1,1,1,0,1,0,0,1,1,1,1,0,
109,,zhongdian,zhongdian,中殿,中殿,265,265,Youxiansi_Zhongdian,游仙寺中殿,游仙寺中殿,5,270,76,, ,Middle Hall/Back Hall Jin/Yuan,,,,Zhongdian ,1125-1234,1125,1234,35.74030278,112.9294028,"35˚ 44' 25.96"" N (google earth-satellite confirm)","112˚ 55' 45.98"" E",linggong beveled mangong chamfered,,,0,0,0,1,1,1,0,1,？,0,1,0,1,0,1,1,
110,,Daxiongbaodian,Daxiongbaodian,大雄寶殿,大雄宝殿,266,266,Yuanqisi_Daxiongbaodian,原起寺大雄寶殿,原起寺大雄宝殿,5,276,82,, ,,,,,Yuanqisi,960-1125,960,1125,36.35326667,113.4258,36˚ 21.196' (Garmin),113˚ 25.548',,2010,,0,0,0,0,0,0,1,0,?,0,0,0,0,1,0,0,
110,,Qinglongbaota,Qinglongbaota,青龍寶塔,原起寺,267,267,Yuanqisi_Qinglongbaota,原起寺青龍寶塔,原起寺青龙宝塔,5,276,82,, ,,,原起寺大聖寶塔,,Yuanqisi_Dashengbaota,960-1125,960,1125,36.35326667,113.4258,36˚ 21.196' (Garmin),113˚ 25.548',,2010,, , , , , , , , , , , , , , , , , 
111,,Qiaolou,loutai,譙樓,谯楼,268,268,Yuanzhou_Qiaolou_loutai,袁州譙樓樓臺,袁州谯楼楼台,6,606,309,, ,,,,,Qiaolou,944-1219,944,1219,,,,,earliest regional observatory; see: http://big5.china.com.cn/overseas/txt/2004-12/09/content_5724640.htm; uncertain date of extant structures,n/a,,,,,,,,,,,,,,,,,,
112,,Douchuishan zhuanlun jingcang,zhuanlun jingcang,竇圌山轉輪經藏,窦圌山转轮经藏,269,269,Yunyansi_Douchuishan_zhuanlun_cangjing,雲岩寺竇圌山轉輪經藏,云岩寺窦圌山转轮经藏,3,115,63,,,Yunyan Monastery Mount Douchui Revolving Sutra Repository,,,, ,,,,,,,,song revolving sutra repository with angled bracket arms,*,,,,,,,,,,,,,,,,,,
113,,Dongyuemiao,zhengdian,東岳廟,东岳庙,270,270,Yuquan_Dongyuemiao,玉泉东岳庙,玉泉东岳庙,6,376,79,, ,,,,,Dongyuemiao,1125-1234,1125,1234,35.68258333,113.19005,35˚ 40.955 (Garmin),113˚ 11.403,"Main Hall and East Ear hall (耳殿) Jin, see 中國 文物 地圖集 山西分冊, 中, 513",2010,"complex locked, measured back of hall",0,0,0,0,0,0,0,1,1,0,1,0,1,1,0,1,
114,,Shengmudian,Shengmudian,聖母殿, ,271,271,Zetianmiao_Shengmudian,則天廟聖母殿,则天庙圣母殿 ,4,100,22,, ,,,,,Zetianmiao,1125-1234,1125,1234,37.47303833,112.0361283,"37°28'38.23""(google earth-satellite， zetsubouphoto","112°02'16.77""",,1999,,0,0,0,0,0,1,1,1,？,0,0,1,1,1,0,1,
115,,Tianqidian,Tianqidian,天齊殿,天齐殿,272,272,Zezhou_Daimiao_Tianqidian,泽州岱庙天齐殿,泽州岱庙天齐殿,5,263,69,, ,,,,,Daimiao Tianqidian,1079,1079,1079,35.41921667,112.7244167,35˚ 25.153' (Garmin),112˚ 43.465',,2010,,0,0,0,1,1,1,0,1,1,0,1,0,2,0,0,1,
116,,Dafodian,Dafodian,大佛殿,大佛寺,273,273,Zhangye_Dafosi_Dafodian,张掖大佛寺,张掖大佛寺,4,112,34,, ,,,迦叶如来寺,,Dafosi,1098,,,,,,,Xixia reclining Buddha--is building also Xixia? http://baike.baidu.com/item/%E5%BC%A0%E6%8E%96%E5%A4%A7%E4%BD%9B%E5%AF%BA,*?,,,,,,,,,,,,,,,,,,
117,, ,Shanmen, , ,274,274,Zhangzi_Fujunmiao_Shanmen,长子县府君庙,长子县府君庙,5,266,,,,,,,,Fujunmiao,960-1546,960,1546,36.11985,112.8771667,36˚ 07. 191',112˚ 52.630',shanmen Jin--1184,2010,,0,0,0,？,？,1,0,1,1,0,1,0,2,0,0,1,
118,,dadian,dadian,大殿,大殿,275,275,Zhaorensi_dadian,昭仁寺大殿,昭仁寺大殿,3,109,57,,,Main Hall Tang?,,,,Dadian,618-907,618,907,,,"35˚ 12' 15.89"" N  found on google earth, no satellite ","107˚ 47' 50.63"" E ","date of main hall not listed in ZGMSCD, p. 1026,--Tang?",*,,,,,,,,,,,,,,,,,,
119,,Zhaozewangdian,Zhaozewangdian, , ,276,276,Zhaozewangmiao_Zhaozewangdian,昭澤王廟昭澤王殿,昭泽王庙,6,395,98,, ,,,,,Zhaozewangmiao,1115-1234,1115,1234,,,could not find,,Main Hall from 1187; see: http://www.sxcr.gov.cn/wmsx/show.php?itemid=1128,*,,,,,,,,,,,,,,,,,,
120,,Dachengdian,Dachengdian,大成殿,大成殿,277,277,Zhengding_Wenmiao_Dachengdian,正定文庙大成殿,正定文庙大成殿,4,91,13,, ,,,,,Wenmiao Dachengdian,907-960,907,960,38.14383333,114.561,38˚ 08.63' N (Magellan),114˚ 33.66' E,,1999,,0,0,0,0,0,0,1,0,?,0,0,0,0,0,0,?,
121,,Wanfodian,Wanfodian,萬佛殿,万佛殿,278,278,Zhenguosi_Wanfodian,镇国寺万佛殿,镇国寺万佛殿,3,111,59,,,"10,000 Buddhas Hall",,,,Wanfodian,963,963,963,37.25298611,112.248006,"37˚ 15' 10.75"" N (google earth-Xu, no satellite)",112˚ 14’52。82”E,continuation of style at Foguangsi into 10th cen.,1997,,0,0,0,0,1,0,1,0,1,1,0,0,2,0,0,1,
122,,zhengdian,zhengdian,正殿,正殿,279,279,Zhenshengsi_zhengdian,真聖寺正殿,真圣寺正殿,6,388,Ⅲ－91,,,Zhensheng Monastery,,,,Zhenshengsi,1157,1157,1157,,,,,Main Hall from Jin; 1157. See: http://www.huaxia.com/zhsx/sxsy/wwzy/12/1260249.html;https://zh.wikipedia.org/wiki/%E7%9C%9F%E5%9C%A3%E5%AF%BA,*,,,,,,,,,,,,,,,,,,
123,,Shanmen,Shanmen,山門,山門,280,280,Zhongping_Erxiangong_Shanmen,中坪二仙宫山門,中坪二仙宫山門,6,382,85,, ,Shanmen (Jin dynasty),,,,Erxiangong Shanmen,1125-1234,1125,1234,35.8059,113.07,35˚ 48.354 N (Garmin),113˚ 04.200' E,this building looks later--yuan?,2009,,0,0,0,0,1,1,0,1,?,0,1,0,2,0,1,0,
123,,zhengdian,zhengdian,正殿,正殿,281,281,Zhongping_Erxiangong_Zhengdian,中坪二仙宫正殿,中坪二仙宫正殿,,,,, ,Main Hall-Jin with Yuan repairs,,,,Erxiangong Shanmen,1125-1234,1125,1234,35.8061166,113.069833,35˚ 48.367 N (Garmin),113˚ 04.190' E,,,,0,0,0,0,1,1,0,1,1,0,1,0,1,0,0,1,
