"order","iri_local_name","modified","site_name_zh-Hans","site_name_zh-Latn-pinyin","site_name_en","site_geonames_id","site_getty_togn_id","earliest_period_zn-Hans","earliest_period_en","earliest_period_iri","latest_period_zn-Hans","latest_period_en","latest_period_iri","site_date_verbatim_zn-Hans","site_date_en","location_zn-Hans","province_name_zn-Hans","province_name_zh-latn-pinyin","province_zn-Hans","county-city_name_zn-Hans","political subdivision_zn-Hans","county-city_name_zh-latn-pinyin","political subdivision_en","political_subdivision_getty_tgn","subdivision_getty_aat_type","locality_zn-Hans","political subdivision2_zn-Hans","Geo_note","county-city_verbatim_zn-Hans","locality_en","locality_geonames_id","locality_getty_togn_id","Note"
1,"Anchansi","2016-10-19T13:46:00-05:00","安禅寺","Anchansi","Anchan Monastery",,,"宋","Song","http://n2t.net/ark:/99152/p0fp7wvjvn8","明","Ming","http://n2t.net/ark:/99152/p0fp7wv2s8c","宋至明","Song to Ming","山西省太谷县","山西","Shanxi","山西省","太谷","县","Taigu","County","8677393","300387198",,,,"太谷县","Taiguxian",,,
2,"Baitaisi","2016-10-19T13:46:00-05:00","白台寺","Baitaisi","Baitai Monastery",,,"金","Jin","http://n2t.net/ark:/99152/p0fp7wvmghn","清","Qing","http://n2t.net/ark:/99152/p0fp7wvrjpj","金至清","Jin to Qing","山西省新绛县","山西","Shanxi","山西省","新绛","县","Xinjiang","County","8675152","300387198",,,,"新绛县",,,,
3,"Baiyugong","2016-10-19T13:46:00-05:00","白玉宫","Baiyugong","Baiyu Palace ",,,"金","Jin","http://n2t.net/ark:/99152/p0fp7wvmghn","清","Qing","http://n2t.net/ark:/99152/p0fp7wvtqp9","金至清","Jin to Qing","山西省陵川县","山西","Shanxi","山西省","陵川","县","Lingchuan","County","8623563","300387198",,,,"陵川县","Ling State, Lingchuan County",,,
4,"Baoguosi","2016-10-19T13:46:00-05:00","保国寺","Baoguosi","Baoguo Monastery",,,"北宋","Northern Song","http://n2t.net/ark:/99152/p0fp7wvjvn8","北宋","Northern Song","http://n2t.net/ark:/99152/p0fp7wvjvn8","北宋 1013","Northern Song","浙江省宁波市","浙江","Zhejiang","浙江省","宁波","市","Ningbo","City","8630826","300387145",,,,"宁波市",,,,
5,"Beiyicheng_Yuhuangmiao","2016-10-19T13:46:00-05:00","北义城玉皇庙","Beiyicheng Yuhuangmiao","Yuhuang Temple in Beiyicheng",,,"宋","Song","http://n2t.net/ark:/99152/p0fp7wvjvn8","清","Qing","http://n2t.net/ark:/99152/p0fp7wvtqp9","宋至清","Song to Qing","山西省泽州县","山西","Shanxi","山西省","泽州","县",,"County",,,,,,"泽州县",,,,
6,"Beijixiangsi","2016-10-19T13:46:00-05:00","北吉祥寺","Beijixiangsi","Beijixiang Monastery",,,"宋","Song","http://n2t.net/ark:/99152/p0fp7wvjvn8","清","Qing","http://n2t.net/ark:/99152/p0fp7wvtqp9","宋－清","Song to Qing","山西省陵川县","山西","Shanxi","山西省","陵川","县","Lingchuan","County","8623563","300387198","禮義","镇",,"陵川县禮義",,,,"https://zh.wikipedia.org/zh-hans/北吉祥寺"
7,"Kaiyuansi","2016-10-19T13:46:00-05:00","开元寺钟楼","Kaiyuansi","Kaiyuan Monastery",,,"唐","Tang","http://n2t.net/ark:/99152/p0fp7wvrjpj","清","Qing","http://n2t.net/ark:/99152/p0fp7wvtqp9","唐至清","Tang to Qing","河北省正定县","河北","Hebei","河北省","正定","县",,"County",,,,,,"正定县",,,,
8,"Longmensi","2016-10-19T13:46:00-05:00","龙门寺","Longmensi","Longmen Monastery",,,"五代","Five Dynasties","http://n2t.net/ark:/99152/p0fp7wv5h26","清","Qing","http://n2t.net/ark:/99152/p0fp7wvtqp9","五代－清","Five Dynasties to Qing","山西省平顺县","山西","Shanxi","山西省","平顺","县","Pingshun","County","8618711","300387198",,,,"平顺县",,,,
9,"Longyansi","2016-10-19T13:46:00-05:00","龙岩寺","Longyansi","Longyan Monastery",,,"金","Jin","http://n2t.net/ark:/99152/p0fp7wvmghn","明","Ming","http://n2t.net/ark:/99152/p0fp7wv2s8c","金、明","Jin to Ming","山西省陵川县","山西","Shanxi","山西省","陵川","县",,"County",,,,,,"陵川县",,,,
10,"Hongfusi","2016-11-11T22:18:00-06:00","洪福寺","Hongfusi","Hongfu Temple ",,,,,,,,,,,,,,,,,,,,,,,,,,,,
11,"Dulesi","2016-10-19T13:46:00-05:00","独乐寺","Dulesi","Dule Monastery",,,"辽","Liao ","http://n2t.net/ark:/99152/p0fp7wvw8zq","辽","Liao ","http://n2t.net/ark:/99152/p0fp7wvw8zq","辽","Liao ","河北省蓟县","河北","Hebei","河北省","蓟","县",,"County",,,,,,"蓟县",,,,
12,"Jingtusi","2016-10-19T13:46:00-05:00","净土寺","Jingtusi","Jingtu Monastery",,,"金","Jin","http://n2t.net/ark:/99152/p0fp7wvmghn","金","Jin","http://n2t.net/ark:/99152/p0fp7wvmghn","金","Jin","山西省应县","山西","Shanxi","山西省","应","县",,"County",,,,,,"应县",,,,
13,"Tiantaian","2016-10-19T13:46:00-05:00","天台庵","Tiantaian","Tiantai Hermitage ",,,"唐","Tang","http://n2t.net/ark:/99152/p0fp7wvrjpj","唐","Tang","http://n2t.net/ark:/99152/p0fp7wvrjpj","唐","Tang","山西省平顺县","山西","Shanxi","山西省","平顺","县","Pingshun","County","8618711","300387198",,,,"平顺县",,,,
14,"Sanjunmiao","2016-10-19T13:46:00-05:00","三峻庙","Sanjunmiao","Sanjun Temple",,,"金","Jin","http://n2t.net/ark:/99152/p0fp7wvmghn","清","Qing","http://n2t.net/ark:/99152/p0fp7wvtqp9","金至清","Jin to Qing","山西省壶关县","山西","Shanxi","山西省","壶关","县","Huguan","County","8206585","300387198",,,,"壶关县",,,,
15,"Shaolinsi","2016-10-19T13:46:00-05:00","少林寺初祖庵","Shaolinsi","Shaolin Monastery",,,"宋","Song","http://n2t.net/ark:/99152/p0fp7wvjvn8","宋","Song","http://n2t.net/ark:/99152/p0fp7wv9x7n","宋","Song","河南省登封市","河南","Henan","河南省","登封","市","Dengfeng Shi","City","8200070","300387198",,,,"登封市",,,,
16,"Bucun_Yuhuangmiao","2016-10-19T13:46:00-05:00","布村玉皇庙","Bucun Yuhuangmiao","Yuhuang Temple in Bucun",,,"五代","Five Dynasties","http://n2t.net/ark:/99152/p0fp7wv5h26","金","Jin","http://n2t.net/ark:/99152/p0fp7wvmghn","五代，金","Five Dynasties to Jin","山西省长治市","山西","Shanxi","山西省","长治","市","Changzhi","City","8206366","300387198","长子","县","布村","村",,,,
17,"Puzhaosi","2016-10-19T13:46:00-05:00","普照寺大殿","Puzhaosi","Puzhao Monastery",,,"金","Jin","http://n2t.net/ark:/99152/p0fp7wvmghn","金","Jin","http://n2t.net/ark:/99152/p0fp7wvmghn","金","Jin","山西省沁县","山西","Shanxi","山西省","沁","县",,"County",,,,,,"沁县",,,,
18,"Damiao","2016-10-19T13:46:00-05:00","大庙飞来殿","Damiao","Great Temple",,,"宋","Song","http://n2t.net/ark:/99152/p0fp7wvjvn8","元","Yuan","http://n2t.net/ark:/99152/p0fp7wvvrz5","宋至元: 993 or 1327 see: ZGMSCD, p. 922","Song to Yuan","四川省峨眉县","四川","Sichuan","四川省","峨眉","县",,"County",,,,,,"峨眉县",,,,"993 or 1327 see: ZGMSCD, p. 922"
19,"Zhongping_Erxiangong","2016-10-19T13:46:00-05:00","中坪二仙宫","Zhongping Erxiangong","Erxian Palace in Zhongping",,,"金","Jin","http://n2t.net/ark:/99152/p0fp7wvmghn","清","Qing","http://n2t.net/ark:/99152/p0fp7wvtqp9","金至清","Jin to Qing","山西省高平市","山西","Shanxi","山西省","高平","市","Gaoping","City","8206832","300387198",,,,"高平市",,,,
20,"Huilongsi","2016-10-19T13:46:00-05:00","回龙寺","Huilongsi","Huilong Monastery",,,"金","Jin","http://n2t.net/ark:/99152/p0fp7wvmghn","金","Jin","http://n2t.net/ark:/99152/p0fp7wvmghn","金","Jin","山西省平顺县","山西","Shanxi","山西省","平顺","县",,"County",,,"阳高","乡","阳高乡侯壁村","平顺县； 平顺县阳高乡侯壁村",,,,
21,"Putian_Yuanmiaoguan_Sanqingdian","2016-10-19T13:46:00-05:00","莆田元妙观三清殿","Yuanmiaoguan","Yuanmiao Belvederi",,,"宋","Song","http://n2t.net/ark:/99152/p0fp7wvjvn8","宋","Song","http://n2t.net/ark:/99152/p0fp7wv9x7n","宋","Song","福建省莆田市","福建","Fujian","福建省","莆田","市","Putian","City","8623015","300387145",,,,"莆田市",,,,
22,"Cixiangsi","2016-10-19T13:46:00-05:00","慈相寺","Cixiangsi","Cixiang Monastery",,,"北宋","Northern Song","http://n2t.net/ark:/99152/p0fp7wvjvn8","清","Qing","http://n2t.net/ark:/99152/p0fp7wvtqp9","北宋至清","Northern Song to Qing","山西省平遥县","山西","Shanxi","山西省","平遥","县","Pingyao","County","8619493","300387198",,,,"平遥县",,,,
23,"Huayansi","2016-10-19T13:46:00-05:00","华严寺","Huayansi","Huayan Monastery",,,"辽","Liao","http://n2t.net/ark:/99152/p0fp7wvw8zq","清","Qing","http://n2t.net/ark:/99152/p0fp7wvtqp9","辽、金、清","Liao to Qing","山西省大同市","山西","Shanxi","山西省","大同","市","Datong","City","8208819","300387198",,,,"大同市",,2037794,8208820,
24,"Kaihuasi","2016-10-19T13:46:00-05:00","开化寺","Kaihuasi","Kaihua Monastery",,,"北宋","Northern Song","http://n2t.net/ark:/99152/p0fp7wvjvn8","清","Qing","http://n2t.net/ark:/99152/p0fp7wvtqp9","北宋至清","Northern Song to Qing","山西省高平市","山西","Shanxi","山西省","高平","市","Gaoping","City","8206832","300387198",,,,"高平市",,,,
25,"Daimiao","2016-10-19T13:46:00-05:00","岱庙*","Daimiao","Temple to the Eastern Peak",,,"宋","Song","http://n2t.net/ark:/99152/p0fp7wvjvn8","清","Qing","http://n2t.net/ark:/99152/p0fp7wvtqp9","宋至清","Song to Qing","山东省泰安市","山东","Shandong","山东省","泰安","市",,"City",,,,,,"泰安市",,,,
26,"Guangren_wangmiao","2016-10-19T13:46:00-05:00","广仁王庙","Guangren Wangmiao","Wang Temple in Guangren",,,"唐","Tang","http://n2t.net/ark:/99152/p0fp7wvrjpj","唐","Tang","http://n2t.net/ark:/99152/p0fp7wvrjpj","唐","Tang","山西省芮城县","山西","Shanxi","山西省","芮城","县","Ruicheng","County","8624069","300387198",,,,"芮城县",,,,
27,"Erlangmiao","2016-10-19T13:46:00-05:00","二郞庙","Erlangmiao","Erlang Temple",,,"金","Jin","http://n2t.net/ark:/99152/p0fp7wvmghn","清","Qing","http://n2t.net/ark:/99152/p0fp7wvtqp9","金至清","Jin to Qing","山西省高平市","山西","Shanxi","山西省","高平","市","Gaoping","City","8206832","300387198",,,,"高平市",,,,
28,"Chunhuasi","2016-10-19T13:46:00-05:00","淳化寺","Chunhuasi","Chunhua Monastery ",,,"金","Jin","http://n2t.net/ark:/99152/p0fp7wvmghn","金","Jin","http://n2t.net/ark:/99152/p0fp7wvmghn","金","Jin","山西省平顺县","山西","Shanxi","山西省","平顺","县","Pingshun","County","8618711","300387198",,,,"平顺县",,,,
29,"Guangdesi","2016-10-19T13:46:00-05:00","广德寺","Guangdesi","Guangde Monastery",,,"宋","Song","http://n2t.net/ark:/99152/p0fp7wvjvn8","清","Qing","http://n2t.net/ark:/99152/p0fp7wvtqp9","宋至清","Song to Qing","四川省遂宁市","四川","Sichuan","四川省","遂宁","市",,"City",," county",,,,"遂宁市",,,,
30,"Foguangsi","2016-10-19T13:46:00-05:00","佛光寺","Foguangsi","Foguang Monastery",,,"唐","Tang","http://n2t.net/ark:/99152/p0fp7wvrjpj","清","Qing","http://n2t.net/ark:/99152/p0fp7wvtqp9","唐至清","Tang to Qing","山西省五台县","山西","Shanxi","山西省","五台","县","Wutai","County","8675821","300387198",,,,"五台县",,,,
31,"Dongyi_Longwangmiao","2016-10-19T13:46:00-05:00","东邑龙王庙","Dongyi Longwangmiao","Longwang Temple in Dongyi",,,"金","Jin","http://n2t.net/ark:/99152/p0fp7wvmghn","清","Qing","http://n2t.net/ark:/99152/p0fp7wvtqp9","金至清","Jin to Qing","山西省潞城市","山西","Shanxi","山西省","潞城","市","Lucheng Zhen","City","8620155","300387199",,,,"潞城市",,,,
32,"Gesaer_30dajiangjunlingtahedanasi","2016-10-19T13:46:00-05:00","格萨尔三十大将军灵塔和达那寺","Gesaer 30dajiangjunlingtahedanasi","Gesar Thirty General General Pagoda and Dana Monastery",,,"宋","Song","http://n2t.net/ark:/99152/p0fp7wvjvn8","元","Yuan","http://n2t.net/ark:/99152/p0fp7wvvrz5","宋、元","Song to Yuan","青海省囊谦县","青海","Qinghai","青海省","囊谦","县",,"County",,,,,,"囊谦县",,,,
33,"Shizhang_Yuhuangmiao","2016-10-19T13:46:00-05:00","石掌玉皇庙","Shizhang Yuhuangmiao","Yuhuang Temple in Shizhang",,,"金","Jin","http://n2t.net/ark:/99152/p0fp7wvmghn","清","Qing","http://n2t.net/ark:/99152/p0fp7wvtqp9","金至清","Jin to Qing","山西省陵川县","山西","Shanxi","山西省","陵川","县","Lingchuan","County","8623563","300387198",,,,"陵川县",,,,
34,"Nanjixiangsi","2016-10-19T13:46:00-05:00","南吉祥寺","Nanjixiangsi","Nanjixiang Monastery",,,"宋","Song","http://n2t.net/ark:/99152/p0fp7wvjvn8","清","Qing","http://n2t.net/ark:/99152/p0fp7wvtqp9","宋－清","Song to Qing","山西省陵川县","山西","Shanxi","山西省","陵川","县","Lingchuan","County","8623563","300387198","平川","村",,"陵川县平川",,,,
35,"Buersi","2016-10-19T13:46:00-05:00","不二寺","Buersi","Buer Monastery",,,"金","Jin","http://n2t.net/ark:/99152/p0fp7wvmghn","金","Jin","http://n2t.net/ark:/99152/p0fp7wvmghn","金","Jin","山西省阳曲县","山西","Shanxi","山西省","阳曲","县","Yangqu Zhen","County","8675188","300387199",,,,"阳曲县",,,,
36,"Taifuguan","2016-10-19T13:46:00-05:00","太符观","Taifuguan","Taifu Belvederi ",,,"金","Jin","http://n2t.net/ark:/99152/p0fp7wvmghn","清","Qing","http://n2t.net/ark:/99152/p0fp7wvtqp9","金至清","Jin to Qing","山西省汾阳市","山西","Shanxi","山西省","汾阳","市","Fenyang","City","8206001","300387198",,,,"汾阳市",,,,
37,"Xiaozhangcun_Biyunsi","2016-10-19T13:46:00-05:00","小张村碧云寺","Xiaozhangcun Biyunsi","Biyun Monastery in Xiaozhangcun",,,"五代","Five Dynasties","http://n2t.net/ark:/99152/p0fp7wv5h26","五代","Five Dynasties","http://n2t.net/ark:/99152/p0fp7wv5h26","五代","Five Dynasties","山西省长子县","山西","Shanxi","山西省","长子","县","Zhangzi","County","8677997","300387198","小张","村",,"张存",,,,
38,"Shanhuasi","2016-10-19T13:46:00-05:00","善化寺","Shanhuasi","Shanhua Monastery",,,"辽","Liao ","http://n2t.net/ark:/99152/p0fp7wvw8zq","金","Jin","http://n2t.net/ark:/99152/p0fp7wvmghn","辽,金; rebuilt 1128-1143","Liao  to Jin","山西省大同市","山西","Shanxi","山西省","大同","市","Datong","City","8208819","300387198",,,,"大同市",,2037794,8208820,"rebuilt 1128-1143"
39,"Dabeiyuan","2016-10-19T13:46:00-05:00","大悲院","Dabeiyuan","Dabei Cloister",,,"宋","Song","http://n2t.net/ark:/99152/p0fp7wvjvn8","金","Jin","http://n2t.net/ark:/99152/p0fp7wvmghn","宋、金","Song to Jin","山西省曲沃县","山西","Shanxi","山西省","曲沃","县","Quwo","County","8619642","300387198",,,,"曲沃县",,,,
40,"Chongqingsi","2016-10-19T13:46:00-05:00","崇庆寺","Chongqingsi","Chongqing Monastery",,,"宋","Song","http://n2t.net/ark:/99152/p0fp7wvjvn8","宋","Song","http://n2t.net/ark:/99152/p0fp7wv9x7n","宋","Song","山西省长子县","山西","Shanxi","山西省","长子","县 ","Zhangzi","County","8677997","300387198","色头","镇",,"长子县 (长子县色头镇)","Zhangzixian setouzhen",,,
41,"Fawangmiao","2016-10-19T13:46:00-05:00","法王庙","Fawangmiao","Fawang Temple",,,"宋","Song","http://n2t.net/ark:/99152/p0fp7wvjvn8","清","Qing","http://n2t.net/ark:/99152/p0fp7wvtqp9","宋至清","Song to Qing","陕西省韩城市","陕西","Shanxi","陕西省","韩城","市",,"City",,,,,,"韩城市",,,,
42,"Fogongsi","2016-10-19T13:46:00-05:00","佛宫寺释迦塔（应县木塔）","Fogongsi","Fogong Monastery",,,"辽","Liao","http://n2t.net/ark:/99152/p0fp7wvw8zq","辽","Liao","http://n2t.net/ark:/99152/p0fp7wvw8zq","辽","Liao","山西省应县","山西","Shanxi","山西省","应","县",,"County",,,,,,"应县",,,,
43,"Kongmiao","2016-10-19T13:46:00-05:00","曲阜孔庙","Kongmiao","Temple of Confucius in Qufu",9072554,,"金","Jin","http://n2t.net/ark:/99152/p0fp7wvmghn","清","Qing","http://n2t.net/ark:/99152/p0fp7wvtqp9","金至清","Jin to Qing","山东省曲阜县","山东","Shandong","山东省","曲阜","县","Qufu","County","8631848","300387198",,,,"曲阜县",,,8631848,
44,"Fotousi","2016-10-19T13:46:00-05:00","佛头寺","Fotousi","Fotou Monastery ",,,"宋","Song","http://n2t.net/ark:/99152/p0fp7wvjvn8","宋","Song","http://n2t.net/ark:/99152/p0fp7wv9x7n","宋","Song","山西省平顺县","山西","Shanxi","山西省","平顺","县","Pingshun","County","8618711","300387198",,,,"平顺县",,,,
45,"Tianwangsi","2016-10-19T13:46:00-05:00","天王寺","Tianwangsi","Tianwang Monastery",,,"金","Jin","http://n2t.net/ark:/99152/p0fp7wvmghn","金","Jin","http://n2t.net/ark:/99152/p0fp7wvmghn","金","Jin","山西省长子县","山西","Shanxi","山西省","长子","县","Zhangzi","County","8677997","300387198",,,"长子县城南大街东侧","长子县 天王寺坐落于长子县城南大街东侧",,,,
46,"Huixianguan","2016-10-19T13:46:00-05:00","会仙观","Huixianguan","Huixian Belvederi ",,,"金","Jin","http://n2t.net/ark:/99152/p0fp7wvmghn","清","Qing","http://n2t.net/ark:/99152/p0fp7wvtqp9","金至清","Jin to Qing","山西省武乡县","山西","Shanxi","山西省","武乡","县","Wuxiang","County","8676733","300387198",,,,"武乡县",,,,
47,"Jidumiao","2016-10-19T13:46:00-05:00","济渎庙","Jidumiao","Jidu Temple",,,"宋","Song","http://n2t.net/ark:/99152/p0fp7wvjvn8","清","Qing","http://n2t.net/ark:/99152/p0fp7wvtqp9","宋－清","Song to Qing","河南省济源市","河南","Henan","河南省","济源","市","Jiyuan Shi","City","8619096","300387145",,,,"济源市",,,,
48,"Chongjiaosi","2016-10-19T13:46:00-05:00","崇教寺正殿","Chongjiaosi","Chongjiao Monastery",,,"宋","Song","http://n2t.net/ark:/99152/p0fp7wvjvn8","金","Jin","http://n2t.net/ark:/99152/p0fp7wvmghn","宋金","Song to Jin","山西省长治市","山西","Shanxi","山西省","长治","市","Changzhi","City","8206366","300387198","马厂","镇","故驿村","马厂镇故驿村","Changzhi Municipality Guyicun",,,
49,"Qingliansi","2016-10-19T13:46:00-05:00","青莲寺","Qingliansi","Qinglian Monastery",,,"唐","Tang","http://n2t.net/ark:/99152/p0fp7wvrjpj","清","Qing","http://n2t.net/ark:/99152/p0fp7wvtqp9","唐至清","Tang to Qing","山西省晋城市","山西","Shanxi","山西省","晋城","市","Jincheng","City","8619006","300387145",,,,"晋城市",,,,
50,"Nanshentou_Erxianmiao","2016-10-19T13:46:00-05:00","南神头二仙庙","Nanshentou Erxianmiao","Erxian Temple in Nanshentou",,,"金","Jin","http://n2t.net/ark:/99152/p0fp7wvmghn","清","Qing","http://n2t.net/ark:/99152/p0fp7wvtqp9","金至清","Jin to Qing","山西省陵川县","山西","Shanxi","山西省","陵川","县","Lingchuan","County","8623563","300387198","潞城","镇","石圪峦村","陵川县; 陵川县潞城镇石圪峦村",,,,
51,"Geyuansi","2016-10-19T13:46:00-05:00","阁院寺","Geyuansi","Geyuan Monastery",,,"辽","Liao ","http://n2t.net/ark:/99152/p0fp7wvw8zq","辽","Liao ","http://n2t.net/ark:/99152/p0fp7wvw8zq","辽","Liao ","河北省涞源县","河北","Hebei","河北省","涞源","县","Laiyuan","County","8630454","300387198",,,,"涞源县",,,,
52,"Fuyangsi","2016-10-19T13:46:00-05:00","福祥寺","Fuyangsi","Fuyang Monastery",,,"金","Jin","http://n2t.net/ark:/99152/p0fp7wvmghn","清","Qing","http://n2t.net/ark:/99152/p0fp7wvtqp9","金至清","Jin to Qing","山西省榆社县","山西","Shanxi","山西省","榆社","县",,"County",,,,,,"榆社县",,,,
53,"Quwo_Dabeiyuan","2016-10-19T13:46:00-05:00","曲沃大悲院过殿","Quwo Dabeiyuan","Dabei Cloister in Quwo",,,"金","Jin","http://n2t.net/ark:/99152/p0fp7wvmghn","金","Jin","http://n2t.net/ark:/99152/p0fp7wvmghn","金","Jin","山西省临汾市","山西","Shanxi","山西省","临汾","市","Linfen","City","8622739","300387145","曲沃","县","曲村镇曲村中","曲村镇曲村中","Quwo_Qucunzhen_Qucun_zhong",,,
54,"Xiaohuiling_Erxianmiao","2016-10-19T13:46:00-05:00","小会岭二仙庙","Xiaohuiling Erxianmiao","Erxian Temple in Xiaohuiling",,,"北宋","Northern Song","http://n2t.net/ark:/99152/p0fp7wvjvn8","清","Qing","http://n2t.net/ark:/99152/p0fp7wvtqp9","北宋至清","Northern Song to Qing","山西省陵川县","山西","Shanxi","山西省","陵川","县","Lingchuan","County","8623563","300387198",,,,"陵川县",,,,
55,"Lingze_wangmiao","2016-10-19T13:46:00-05:00","灵泽王庙/ 太平龍王廟","Lingze Wangmiao","Wang Temple in Lingze",,,"金","Jin","http://n2t.net/ark:/99152/p0fp7wvmghn","清","Qing","http://n2t.net/ark:/99152/p0fp7wvtqp9","金至清","Jin to Qing","山西省長治","山西","Shanxi","山西省","長治","市",,"City",,,"襄垣","县",,"長治襄垣县",,,,
56,"Faxingsi","2016-10-19T13:46:00-05:00","法兴寺","Faxingsi","Faxing Monastery",,,"唐","Tang","http://n2t.net/ark:/99152/p0fp7wvrjpj","清","Qing","http://n2t.net/ark:/99152/p0fp7wvtqp9","唐 (to Qing)","Tang to Qing","山西省长子县","山西","Shanxi","山西省","长子","县","Zhangzi","County","8677997","300387198",,,,"长子县",,,,
57,"Meian","2016-10-19T13:46:00-05:00","梅庵","Meian","Mei Hemitage",,,"北宋","Northern Song","http://n2t.net/ark:/99152/p0fp7wvjvn8","北宋","Northern Song","http://n2t.net/ark:/99152/p0fp7wvjvn8","北宋 996?","Northern Song","广东省肇庆市","广东","Guangdong","广东省","肇庆","市",,"City",,,,,,"肇庆市",,,,
58,"Kaifusi","2016-10-19T13:46:00-05:00","开福寺","Kaifusi","Kaifu Monastery",,,"金","Jin","http://n2t.net/ark:/99152/p0fp7wvmghn","明","Ming","http://n2t.net/ark:/99152/p0fp7wv2s8c","金至明","Jin to Ming","山西省阳城县","山西","Shanxi","山西省","阳城","县","Yangcheng","County","8683046","300387198",,,,"阳城县",,,,
59,"Fengguosi","2016-10-19T13:46:00-05:00","奉国寺","Fengguosi","Fengguo Monastery",,,"辽","Liao ","http://n2t.net/ark:/99152/p0fp7wvw8zq","辽","Liao ","http://n2t.net/ark:/99152/p0fp7wvw8zq","辽 1020","Liao ","辽宁省义县","辽宁","Liaoning","辽宁省","义","县",,"County",,,,,,"义县",,,,
60,"Jinci","2016-10-19T13:46:00-05:00","晋祠","Jinci","Jin Shrines ",,,"宋","Song","http://n2t.net/ark:/99152/p0fp7wvjvn8","清","Qing","http://n2t.net/ark:/99152/p0fp7wvtqp9","宋-20th century","Song to Qing","山西省太原市","山西","Shanxi","山西省","太原","市","Taiyuan","City","8680913","300387145",,,,"太原市",,,,
61,"Pingyao_Wenmiao","2016-10-19T13:46:00-05:00","平遥文廟","Pingyao Wenmiao","Wen Temple in Pingyao",,,"金","Jin","http://n2t.net/ark:/99152/p0fp7wvmghn","清","Qing","http://n2t.net/ark:/99152/p0fp7wvtqp9","金至清","Jin to Qing","山西省平遥县","山西","Shanxi","山西省","平遥","县","Pingyao","County","8619493","300387198",,,,"平遥县",,,,
62,"Dingxiang_Guanwangmiao","2016-10-19T13:46:00-05:00","定襄关王庙","Dingxiang Guanwangmiao","Guanwang Temple in Dingxiang",,,"宋","Song","http://n2t.net/ark:/99152/p0fp7wvjvn8","宋","Song","http://n2t.net/ark:/99152/p0fp7wv9x7n","宋","Song","山西省定襄县","山西","Shanxi","山西省","定襄","县",,"County",,,,,,"定襄县",,,,
63,"Suzhou_Xuanmiaoguan_Sanqingdian","2016-10-19T13:46:00-05:00","苏州玄妙观三清殿","Suzhou Xuanmiaoguan","Xuanmiao Belvederi in Suzhou",,,"宋","Song","http://n2t.net/ark:/99152/p0fp7wvjvn8","宋","Song","http://n2t.net/ark:/99152/p0fp7wv9x7n","宋","Song","江苏省苏州市","江苏","Jiangsu","江苏省","苏州","市","Suzhou Shi","City","8570104","300387145",,,,"苏州市",,,,
64,"Dayunyuan","2016-10-19T13:46:00-05:00","大云院","Dayunyuan","Dayun Cloister",,,"五代","Five Dynasties","http://n2t.net/ark:/99152/p0fp7wv5h26","清","Qing","http://n2t.net/ark:/99152/p0fp7wvtqp9","五代至清","Five Dynasties to Qing","山西省平顺县","山西","Shanxi","山西省","平顺","县","Pingshun","County","8618711","300387198",,,,"平顺县",,,,
65,"Qinshui_Cuifujunmiao","2016-10-19T13:46:00-05:00","沁水崔府君庙","Qinshui Cuifujunmiao","Cuifujun Temple in Qinshui",,,"金","Jin","http://n2t.net/ark:/99152/p0fp7wvmghn","元","Yuan","http://n2t.net/ark:/99152/p0fp7wvvrz5","金元","Jin to Yuan","山西省沁水县","山西","Shanxi","山西省","沁水","县","Qinshui","County","8627543","300387198","加丰","镇","郭南村","加丰镇郭南村","Jiafengzhen_Guonancun",,,
66,"Kaishansi","2016-10-19T13:46:00-05:00","开善寺","Kaishansi","Kaishan Monastery",,,"辽","Liao ","http://n2t.net/ark:/99152/p0fp7wvw8zq","辽","Liao ","http://n2t.net/ark:/99152/p0fp7wvw8zq","辽","Liao ","河北省高碑店市","河北","Hebei","河北省","高碑店","市","Gaobeidian Shi","City","8682025","300387198",,,,"高碑店市",,,,
67,"Puguangsi","2016-10-19T13:46:00-05:00","普光寺","Puguangsi","Puguang Monastery",,,"宋","Song","http://n2t.net/ark:/99152/p0fp7wvjvn8","清","Qing","http://n2t.net/ark:/99152/p0fp7wvtqp9","宋至清","Song to Qing","山西省寿阳县","山西","Shanxi","山西省","寿阳","县",,"County",,,,,,"寿阳县",,,,
68,"Langbi","2016-10-19T13:46:00-05:00","廊必圣天寺","Langbi Shengtiansi","Shengtian Monastery in Langbi",,,"宋","Song","http://n2t.net/ark:/99152/p0fp7wvjvn8","宋","Song","http://n2t.net/ark:/99152/p0fp7wv9x7n","宋","Song","山西省沁水县","山西","Shanxi","山西省","沁水","县","Qinshui","County","8627543","300387198","郑庄","镇","廊必村","庄廊必村","Dong_Langbicun_Zhengzhuangzhen_Qinshui",,,
69,"Guangfansi","2016-10-19T13:46:00-05:00","兴梵寺","Guangfansi","Guangfan Monastery",,,"宋","Song","http://n2t.net/ark:/99152/p0fp7wvjvn8","宋","Song","http://n2t.net/ark:/99152/p0fp7wv9x7n","宋","Song","山西省祁县","山西","Shanxi","山西省","祁","县",,"County",,,,,,"祁县",,,,
70,"Jindongsi","2016-10-19T13:46:00-05:00","金洞寺","Jindongsi","Jindong Monastery",,,"宋","Jin","http://n2t.net/ark:/99152/p0fp7wvmghn","清","Qing","http://n2t.net/ark:/99152/p0fp7wvtqp9","宋至清","Jin to Qing","山西省忻州市","山西","Shanxi","山西省","忻州","市",,"City",,,,,,"忻州市",,,,
71,"Chongmingsi","2016-10-19T13:46:00-05:00","崇明寺","Chongmingsi","Chongming Monastery",,,"北宋","Northern Song","http://n2t.net/ark:/99152/p0fp7wvjvn8","明","Ming","http://n2t.net/ark:/99152/p0fp7wv2s8c","北宋至明","Northern Song to Ming","山西省高平市","山西","Shanxi","山西省","高平","市","Gaoping","City","8206832","300387198",,,,"高平市",,,,
72,"Runcheng_Dongyuemiao","2016-10-19T13:46:00-05:00","润城东岳庙/屯城東岳廟","Runcheng Dongyuemiao","Dongyue Temple in Runcheng/Dongyue Temple in Duncheng",,,"金","Jin","http://n2t.net/ark:/99152/p0fp7wvmghn","清","Qing","http://n2t.net/ark:/99152/p0fp7wvtqp9","金至清","Jin to Qing","山西省阳城县","山西","Shanxi","山西省","阳城","县","Yangcheng","County","8683046","300387198",,,,"阳城县",,,,
73,"Nanchansi","2016-10-19T13:46:00-05:00","南禅寺","Nanchansi","Nanchan Monastery",,,"唐","Tang","http://n2t.net/ark:/99152/p0fp7wvrjpj","唐","Tang","http://n2t.net/ark:/99152/p0fp7wvrjpj","唐","Tang","山西省五台县","山西","Shanxi","山西省","五台","县","Wutai","County","8675821","300387198",,,,"五台县",,,,
74,"Jingzhuang_Dayunsi","2016-10-19T13:46:00-05:00","荆庄大云寺大雄宝殿","Jingzhuang Dayunsi","Dayun Monastery in Jingzhuang",,,"金","Jin","http://n2t.net/ark:/99152/p0fp7wvmghn","金","Jin","http://n2t.net/ark:/99152/p0fp7wvmghn","金","Jin","山西省浑源县","山西","Shanxi","山西省","浑源","县",,"County",,,,,,"浑源县",,,,
75,"Chengtangmiao","2016-10-19T13:46:00-05:00","成汤庙山门","Chengtangmiao","Chengtang Temple",,,"金","Jin","http://n2t.net/ark:/99152/p0fp7wvmghn","金","Jin","http://n2t.net/ark:/99152/p0fp7wvmghn","金 1164","Jin","河北省邯鄲涉县","河北","Hebei","河北省","邯鄲","市",,"City",,,"涉","县",,"邯鄲涉县",,,,
76,"Guanwangmiao","2016-10-19T13:46:00-05:00","关王庙","Guanwangmiao","Guanwang Temple",,,"宋","Song","http://n2t.net/ark:/99152/p0fp7wvjvn8","宋","Song","http://n2t.net/ark:/99152/p0fp7wv9x7n","宋","Song","山西省阳泉市","山西","Shanxi","山西省","阳泉","市","Yangquan","City","8675178","300387145",,,,"阳泉市",,,,
77,"Liang_Cheng_guli","2016-10-19T13:46:00-05:00","两程故里","Liang Cheng guli","Home of the Two Cheng",,,"宋","Song","http://n2t.net/ark:/99152/p0fp7wvjvn8","明","Ming","http://n2t.net/ark:/99152/p0fp7wv2s8c","宋至明","Song to Ming","河南省嵩县","河南","Henan","河南省","嵩","县",,"County",,,,,,"嵩县",,,,
78,"Cuifujunmiao","2016-10-19T13:46:00-05:00","崔府君庙","Cuifujunmiao","Cuifujun Temple",,,"金","Jin","http://n2t.net/ark:/99152/p0fp7wvmghn","清","Qing","http://n2t.net/ark:/99152/p0fp7wvtqp9","金至清","Jin to Qing","山西省陵川县","山西","Shanxi","山西省","陵川","县","Lingchuan","County","8623563","300387198",,,,"陵川县",,,,
79,"Longxingsi","2016-10-19T13:46:00-05:00","隆兴寺","Longxingsi","Longxing Monastery",,,"宋","Song","http://n2t.net/ark:/99152/p0fp7wvjvn8","宋","Song","http://n2t.net/ark:/99152/p0fp7wv9x7n","initially built 586; now 宋 10th-11th century","Song","河北省正定县","河北","Hebei","河北省","正定","县","Zhengding","County","8683355","300387198",,,,"正定县",,,,"itially built 586; now 宋 10th-11th century"
80,"Jiutianshengmumiao","2016-10-19T13:46:00-05:00","九天圣母庙","Jiutianshengmumiao","Jiutianshengmu Temple",,,"北宋","Northern Song","http://n2t.net/ark:/99152/p0fp7wvjvn8","清","Qing","http://n2t.net/ark:/99152/p0fp7wvtqp9","北宋至清","Northern Song to Qing","山西省平顺县","山西","Shanxi","山西省","平顺","县","Pingshun","County","8618711","300387198",,,,"平顺县",,,,
81,"Hualinsi","2016-10-19T13:46:00-05:00","华林寺大殿","Hualinsi","Hualin Monastery",,,"宋","Song","http://n2t.net/ark:/99152/p0fp7wvjvn8","宋","Song","http://n2t.net/ark:/99152/p0fp7wv9x7n","宋","Song","福建省福州市","福建","Fujian","福建省","福州","市","Fuzhou","City","8199891","300387145",,,,"福州市",,,,
82,"Hongjiyuan","2016-10-19T13:46:00-05:00","洪济院","Hongjiyuan","Hongji Cloister",,,"金","Jin","http://n2t.net/ark:/99152/p0fp7wvmghn","清","Qing","http://n2t.net/ark:/99152/p0fp7wvtqp9","金至清","Jin to Qing","山西省武乡县","山西","Shanxi","山西省","武乡","县","Wuxiang","County","8676733","300387198",,,,"武乡县",,,,
83,"Chongfusi","2016-10-19T13:46:00-05:00","崇福寺弥陀殿","Chongfusi","Chongfu Monastery",,,"金","Jin","http://n2t.net/ark:/99152/p0fp7wvmghn","金","Jin","http://n2t.net/ark:/99152/p0fp7wvmghn","金","Jin","山西省朔县","山西","Shanxi","山西省","朔","县",,"County",,,,,,"朔县",,,,
84,"Wuxiang_Dayunsi","2016-10-19T13:46:00-05:00","武乡县大云寺","Wuxiang_Dayunsi","Dayun Monastery in Wuxiang",,,"宋","Song","http://n2t.net/ark:/99152/p0fp7wvjvn8","清","Qing","http://n2t.net/ark:/99152/p0fp7wvtqp9","宋至清","Song to Qing","山西省武乡县","山西","Shanxi","山西省","武乡","县","Wuxiang","County","8676733","300387198",,,,"武乡县",,,,
85,"Xiajiao_Tangdimiao","2016-10-19T13:46:00-05:00","下交汤帝庙","Xiajiao Tangdimiao","Tangdi Temple in Xiajiao",,,"宋","Song","http://n2t.net/ark:/99152/p0fp7wvjvn8","清","Qing","http://n2t.net/ark:/99152/p0fp7wvtqp9","宋至清","Song to Qing","山西省阳城县","山西","Shanxi","山西省","阳城","县","Yangcheng","County","8683046","300387198",,,,"阳城县",,,,
86,"Wanrong_Jiwangmiao","2016-10-19T13:46:00-05:00","万荣稷王庙","Wanrong Jiwangmiao","Jiwang Temple in Wanrong",,,"金","Jin","http://n2t.net/ark:/99152/p0fp7wvmghn","金","Jin","http://n2t.net/ark:/99152/p0fp7wvmghn","金","Jin","山西省万荣县","山西","Shanxi","山西省","万荣","县",,"County",,,,,,"万荣县",,,,
87,"Xilimen_Erxianmiao","2016-10-19T13:46:00-05:00","西李门二仙庙","Xilimen Erxianmiao","Erxian Temple in Xilimen",,,"金","Jin","http://n2t.net/ark:/99152/p0fp7wvmghn","清","Qing","http://n2t.net/ark:/99152/p0fp7wvtqp9","金至清","Jin to Qing","山西省高平市","山西","Shanxi","山西省","高平","市","Gaoping","City","8206832","300387198",,,,"高平市",,,,
88,"Ruicheng_Chenghuangmiao","2016-10-19T13:46:00-05:00","芮城城隍庙","Ruicheng Chenghuangmiao","Chenghuang Temple in Ruicheng",,,"北宋","Northern Song","http://n2t.net/ark:/99152/p0fp7wvjvn8","清","Qing","http://n2t.net/ark:/99152/p0fp7wvtqp9","北宋至清: Main Hall Song--11th cen?","Northern Song to Qing","山西省芮城县","山西","Shanxi","山西省","芮城","县",,"County",,,,,,"芮城县",,,,"Main Hall Song--11th cen?"
89,"Qixian_Xingfansi","2016-10-19T13:46:00-05:00","祁县兴梵寺","Qixian Xiangfansi","Xiangfan Monastery in Qixian",,,"宋","Song","http://n2t.net/ark:/99152/p0fp7wvjvn8","宋","Song","http://n2t.net/ark:/99152/p0fp7wv9x7n","宋","Song","山西省祁县","山西","Shanxi","山西省","祁","县",,"County",,,"东观","镇","中学里面","观镇中学里面","Qixian_Dongguangzhen_Zongxue_limian",,,
90,"Sirun_Sanjiaotang","2016-10-19T13:46:00-05:00","寺润三教堂","Sirun Sanjiaotang","Sanjiaotang in Sirun",,,"金","Jin","http://n2t.net/ark:/99152/p0fp7wvmghn","金","Jin","http://n2t.net/ark:/99152/p0fp7wvmghn","金","Jin","山西省陵川县","山西","Shanxi","山西省","陵川","县","Lingchuan","County","8623563","300387198","杨村","镇","寺润村","陵川县; 陵川县杨村镇寺润村",,,,
91,"Xingdongyuan_Dongyuemiao","2016-10-19T13:46:00-05:00","兴东垣东岳庙","Xingdongyuan Dongyuemiao","Dongyue Temple in Xingdongyuan",,,"金","Jin","http://n2t.net/ark:/99152/p0fp7wvmghn","清","Qing","http://n2t.net/ark:/99152/p0fp7wvtqp9","金至清","Jin to Qing","山西省石楼县","山西","Shanxi","山西省","石楼","县",,"County",,,,,,"石楼县",,,,
92,"Xining_Shoushengsi","2016-10-19T13:46:00-05:00","乡宁寿圣寺","Xining Shoushengsi","Shousheng Monastery in Xining ",,,"金","Jin","http://n2t.net/ark:/99152/p0fp7wvmghn","明","Ming","http://n2t.net/ark:/99152/p0fp7wv2s8c","金至明","Jin to Ming","山西省乡宁县","山西","Shanxi","山西省","乡宁","县",,"County",,,,,,"乡宁县",,,,
93,"Xixi_Erxianmiao","2016-10-19T13:46:00-05:00","西溪二仙庙","Xixi Erxianmiao","Erxian Temple in Xixi",,,"金","Jin","http://n2t.net/ark:/99152/p0fp7wvmghn","清","Qing","http://n2t.net/ark:/99152/p0fp7wvtqp9","金至清","Jin to Qing","山西省陵川县","山西","Shanxi","山西省","陵川","县","Lingchuan","County","8623563","300387198",,,,"陵川县",,,,
94,"Yangquan_Dawangmiao","2016-10-19T13:46:00-05:00","陽泉大王庙","Yangquan Dawangmiao","Dawang Temple in Yangquan (Great King Temple in Yangquan)",,,"金","Jin","http://n2t.net/ark:/99152/p0fp7wvmghn","明","Ming","http://n2t.net/ark:/99152/p0fp7wv2s8c","金至明","Jin to Ming","山西省陽泉市","山西","Shanxi","山西省","陽泉","市",,"City",,,"盂","县",,"陽泉市盂县",,,,
95,"Youxiansi","2016-10-19T13:46:00-05:00","游仙寺","Youxiansi","Youxian Monastery",,,"北宋","Northern Song","http://n2t.net/ark:/99152/p0fp7wvjvn8","清","Qing","http://n2t.net/ark:/99152/p0fp7wvtqp9","北宋至清","Northern Song to Qing","山西省高平市","山西","Shanxi","山西省","高平","市","Gaoping","City","8206832","300387198",,,,"高平市",,,,
96,"Yuanzhou_Qiaolou","2016-10-19T13:46:00-05:00","袁州谯楼","Yuanzhou Qiaolou","Qiao Tower in Yuanzhou",,,"宋","Song","http://n2t.net/ark:/99152/p0fp7wvjvn8","清 ","Qing","http://n2t.net/ark:/99152/p0fp7wvtqp9","宋至清 袁州譙樓建於南宋嘉定十二年(西元１２１９年)","Song to Qing","江西省宜春市","江西","Jiangxi","江西省","宜春","市",,"City",,,,,,"宜春市","袁州譙樓建於南宋嘉定十二年(西元１２１９年)",,,
97,"Yuanqisi","2016-10-19T13:46:00-05:00","原起寺","Yuanqisi","Yuanqi Temple",,,"宋","Song","http://n2t.net/ark:/99152/p0fp7wvjvn8","宋","Song","http://n2t.net/ark:/99152/p0fp7wv9x7n","宋","Song","山西省潞城市","山西","Shanxi","山西省","潞城","市","Lucheng","City","8620152","300387198",,,,"潞城市",,,,
98,"Yanshansi","2016-10-19T13:46:00-05:00","岩山寺","Yanshansi","Yanshan Monastery",,,"金","Jin","http://n2t.net/ark:/99152/p0fp7wvmghn","金","Jin","http://n2t.net/ark:/99152/p0fp7wvmghn","金","Jin","山西省繁峙县","山西","Shanxi","山西省","繁峙","县","Fanzhi","County","8212144","300387198",,,,"繁峙县",,,,
99,"Yanqingsi","2016-10-19T13:46:00-05:00","延庆寺","Yanqingsi","Yanqing Monastery",,,"宋","Song","http://n2t.net/ark:/99152/p0fp7wvjvn8","清","Qing","http://n2t.net/ark:/99152/p0fp7wvtqp9","宋至清","Song to Qing","山西省五台县","山西","Shanxi","山西省","五台","县","Wutai","County","8675821","300387198",,,,"五台县","Wutai_County",1790954,8675821,
100,"Yuhuangmiao","2016-10-19T13:46:00-05:00","玉皇庙","Yuhuangmiao","Yuhuang Temple",,,"宋","Song","http://n2t.net/ark:/99152/p0fp7wvjvn8","清","Qing","http://n2t.net/ark:/99152/p0fp7wvtqp9","宋至清","Song to Qing","山西省晋城市","山西","Shanxi","山西省","晋城","市","Jincheng","City","8619006","300387145",,,,"晋城市",,,,
101,"Yunyansi","2016-10-19T13:46:00-05:00","云岩寺","Yunyansi","Yunyan Monastery",,,"宋","Song","http://n2t.net/ark:/99152/p0fp7wvjvn8","清","Qing","http://n2t.net/ark:/99152/p0fp7wvtqp9","宋至清","Song to Qing","四川省江油县","四川","Sichuan","四川省","江油","县",,"County",,,,,,"江油县",,,,
102,"Yuquan_Dongyuemiao","2016-10-19T13:46:00-05:00","玉泉东岳庙","Yuquan Dongyuemiao","Dongyue Temple in Yuquan",,,"金","Jin","http://n2t.net/ark:/99152/p0fp7wvmghn","清","Qing","http://n2t.net/ark:/99152/p0fp7wvtqp9","金至清","Jin to Qing","山西省陵川县","山西","Shanxi","山西省","陵川","县","Lingchuan","County","8623563","300387198","附城","镇",,"陵川县附城镇",,,,
103,"Zetianmiao","2016-10-19T13:46:00-05:00","则天庙","Zetianmiao","Zetian Temple",,,"金","Jin","http://n2t.net/ark:/99152/p0fp7wvmghn","金","Jin","http://n2t.net/ark:/99152/p0fp7wvmghn","金","Jin","山西省文水县","山西","Shanxi","山西省","文水","县","Wenshui","County","8681108","300387198",,,,"文水县","northeast of Wenshui, Shanxi",,,
104,"Zezhou_Daimiao","2016-10-19T13:46:00-05:00","泽州岱庙","Zezhou Daimiao","Dai Temple in Zezhou",,,"宋","Song","http://n2t.net/ark:/99152/p0fp7wvjvn8","明","Ming","http://n2t.net/ark:/99152/p0fp7wv2s8c","宋至明","Song to Ming","山西省泽州县","山西","Shanxi","山西省","泽州","县","Zezhou","County","8145851","300387198",,,,"泽州县",,,,
105,"Zhangye_Dafosi","2016-10-19T13:46:00-05:00","张掖大佛寺","Zhangye Dafosi","Dafo Monastery in Zhangye (Great Buddha Monastery in Zhangye)",,,"西夏","Xixia","http://n2t.net/ark:/99152/p0fp7wv699w","清","Qing","http://n2t.net/ark:/99152/p0fp7wvtqp9","西夏、清 ? Foundation Xixia?","Xixia to Qing","甘肃省张掖市","甘肃","Gansu","甘肃省","张掖","市",,"City",,,,,,"张掖市",,,,
106,"Zhangzi_Fujunmiao","2016-10-19T13:46:00-05:00","长子县府君庙","Zhangzi Fujunmiao","Fujun Temple in Zhangzi",,,"宋","Song","http://n2t.net/ark:/99152/p0fp7wvjvn8","宋","Song","http://n2t.net/ark:/99152/p0fp7wv9x7n",,"Song","山西省长子县","山西","Shanxi","山西省","长子","县","Zhangzi","County","8677997","300387198",,,"城第一中学院","城第一中学院",,,,
107,"Zhaorensi","2016-10-19T13:46:00-05:00","昭仁寺大殿","Zhaorensi","Zhaoren Monastery",,,"唐","Tang","http://n2t.net/ark:/99152/p0fp7wvrjpj","唐","Tang","http://n2t.net/ark:/99152/p0fp7wvrjpj","唐","Tang","陕西省长武县","陕西","Shanxi","陕西省","长武","县",,"County",,,,,,"长武县",,,,
108,"Zhaoze_wangmiao","2016-10-19T13:46:00-05:00","昭泽王庙","Zhaoze Wangmiao","Wang Temple in Zhaoze",,,"金","Jin","http://n2t.net/ark:/99152/p0fp7wvmghn","金","Jin","http://n2t.net/ark:/99152/p0fp7wvmghn","金 大定 27 (1187)","Jin","山西省襄垣县","山西","Shanxi","山西省","襄垣","县",,"County",,,,,,"襄垣县","大定 27 (1187)",,,
109,"Zhengding_Wenmiao","2016-10-19T13:46:00-05:00","正定文庙大成殿","Zhengding Wenmiao","Wen Temple in Zhengding",,,"五代","Five Dynasties","http://n2t.net/ark:/99152/p0fp7wv5h26","五代","Five Dynasties","http://n2t.net/ark:/99152/p0fp7wv5h26","五代","Five Dynasties","河北省正定县","河北","Hebei","河北省","正定","县","Zhengding","County","8683355","300387198",,,,"正定县",,,,
110,"Zhengjuesi","2016-10-19T13:46:00-05:00","正觉寺","Zhengjuesi","Zhengjue Monastery",,,"金","Jin","http://n2t.net/ark:/99152/p0fp7wvmghn","明","Ming","http://n2t.net/ark:/99152/p0fp7wv2s8c","金至明","Jin to Ming","山西省长治县","山西","Shanxi","山西省","长治","县",,"County",,,,,,"长治县",,,,
111,"Zhenguosi","2016-10-19T13:46:00-05:00","镇国寺","Zhenguosi","Zhenguo Monastery",,,"五代","Five Dynasties","http://n2t.net/ark:/99152/p0fp7wv5h26","清","Qing","http://n2t.net/ark:/99152/p0fp7wvtqp9","五代至清","Five Dynasties to Qing","山西省平遥县","山西","Shanxi","山西省","平遥","县","Pingyao","County","8619493","300387198",,,,"平遥县",,1798635,8619493,
112,"Zhenshengsi","2016-10-19T13:46:00-05:00","真圣寺","Zhenshengsi","Zhensheng Monastery",,,"金","Jin","http://n2t.net/ark:/99152/p0fp7wvmghn","清","Qing","http://n2t.net/ark:/99152/p0fp7wvtqp9","金至清","Jin to Qing","山西省太谷县","山西","Shanxi","山西省","太谷","县",,"County",,,"范村","镇","太谷县城东40公里的范村镇蚍蜉村","太谷县: 太谷县城东40公里的范村镇蚍蜉村",,,,
113,"Qinshui_Longyansi","2016-10-19T13:46:00-05:00","沁水龙岩寺","Qinshui Longyansi","Longyan Moastery in Qinshui",,,"金","Jin","http://n2t.net/ark:/99152/p0fp7wvmghn","金","Jin","http://n2t.net/ark:/99152/p0fp7wvmghn","金","Jin",,,,,,,,,,,,,,,"Qinshuixian_Zhongcunzhen_Shanggecun",,,
114,"Lingyansi","2016-10-19T13:46:00-05:00","灵岩寺 ","Lingyansi","Lingyan Monastery",1803429,8625249,"唐","Tang","http://n2t.net/ark:/99152/p0fp7wvrjpj","清","Qing","http://n2t.net/ark:/99152/p0fp7wvtqp9","唐至清","Tang to Qing","山东省长清县","山东","Shandong","山东省","长清","县","Changqing Qu","County","8208980","300387198",,,,"长清县","Changqing District",1815582,,
115,"Qinxian_Dayunyuan","2016-10-19T13:46:00-05:00","沁县大云院","Qinxian Dayunyuan","Dayun Cloister in Qinxian",,,"宋","Song","http://n2t.net/ark:/99152/p0fp7wvjvn8","清","Qing","http://n2t.net/ark:/99152/p0fp7wvtqp9","宋至清","Song to Qing","山西省沁县","山西","Shanxi","山西省","沁","县",,"County",,,,,,"沁县",,,,
116,"Nantong_Tianningsi","2016-10-19T13:46:00-05:00","南通天宁寺","Nantong Tianningsi","Tianning Monastery in Nantong",,,"宋","Song","http://n2t.net/ark:/99152/p0fp7wvjvn8","宋","Song","http://n2t.net/ark:/99152/p0fp7wv9x7n","宋","Song","江苏省南通市","江苏","Jiangsu","江苏省","南通","市",,"City",,,,,,"南通市",,,,
117,"Hutumiao","2016-10-19T13:46:00-05:00","狐突庙","Hutumiao","Hutu Temple",,,"宋","Song","http://n2t.net/ark:/99152/p0fp7wvjvn8","清","Qing","http://n2t.net/ark:/99152/p0fp7wvtqp9","宋至清","Song to Qing","山西省清徐县","山西","Shanxi","山西省","清徐","县",,"County",,,,,,"清徐县",,,,
118,"Guanghuasi","2016-10-19T13:46:00-05:00","广华寺","Guanghuasi","Guanghua Monastery",,,,,,,,,,,"山西省五台县","山西","Shanxi","山西省","五","县",,"County",,,,,,,"Taiguxian_beiguangxiang_Baichengcun",,,
119,"Zhoucun_Dongyuemiao","2016-10-19T13:46:00-05:00","周村东岳庙","Zhoucun Dongyuemiao","Dongyue Temple in Zhoucun",,,"宋","Song","http://n2t.net/ark:/99152/p0fp7wvjvn8","清","Qing","http://n2t.net/ark:/99152/p0fp7wvtqp9","宋至清","Song to Qing","山西省泽州县","山西","Shanxi","山西省","泽州","县","Zezhou","County","8145851","300387198",,,,"泽州县",,,,
120,"Taiyinsi","2016-10-19T13:46:00-05:00","太阴寺","Taiyinsi","Taiyin Monastery",,,"金","Jin","http://n2t.net/ark:/99152/p0fp7wvmghn","清","Qing","http://n2t.net/ark:/99152/p0fp7wvtqp9","金 1170?","Jin to Qing","山西省绛县","山西","Shanxi","山西省","绛","县",,"County",,,,,,"绛县",,,,
121,"Jincheng_Erxianmiao","2016-10-19T13:46:00-05:00","晋城二仙庙","JinchengErxianmiao","Erxian Temple in Jincheng ",,,"宋","Song","http://n2t.net/ark:/99152/p0fp7wvjvn8","宋","Song","http://n2t.net/ark:/99152/p0fp7wv9x7n","宋","Song","山西省晋城市","山西","Shanxi","山西省","晋城","市","Jincheng","City","8619006","300387145",,,,"晋城市",,,,
122,"Fencheng_Gujianzhuqun","2016-10-19T13:46:00-05:00","汾城古建筑群","Fencheng Gujianzhuqun","Ancient Architure Site/Group in Fencheng",,,"金","Jin","http://n2t.net/ark:/99152/p0fp7wvmghn","清","Qing","http://n2t.net/ark:/99152/p0fp7wvtqp9","金至清","Jin to Qing","山西省襄汾县","山西","Shanxi","山西省","襄汾","县",,"County",,,,,,"襄汾县",,,,
